Year,Observation status,Unit multiplier,Nature of data points,Frequency of observation,Reporting type,SERIES,Reference area,UNIT_MEASURE,Value
2010,Normal value,Units,Country Data,Annual,National,"GDP growth rate (decline), as a percentage of the previous year",Kyrgyzstan,Percent,99.5
2011,Normal value,Units,Country Data,Annual,National,"GDP growth rate (decline), as a percentage of the previous year",Kyrgyzstan,Percent,106.0
2012,Normal value,Units,Country Data,Annual,National,"GDP growth rate (decline), as a percentage of the previous year",Kyrgyzstan,Percent,99.9
2013,Normal value,Units,Country Data,Annual,National,"GDP growth rate (decline), as a percentage of the previous year",Kyrgyzstan,Percent,110.9
2014,Normal value,Units,Country Data,Annual,National,"GDP growth rate (decline), as a percentage of the previous year",Kyrgyzstan,Percent,104.0
2015,Normal value,Units,Country Data,Annual,National,"GDP growth rate (decline), as a percentage of the previous year",Kyrgyzstan,Percent,103.9
2016,Normal value,Units,Country Data,Annual,National,"GDP growth rate (decline), as a percentage of the previous year",Kyrgyzstan,Percent,104.3
2017,Normal value,Units,Country Data,Annual,National,"GDP growth rate (decline), as a percentage of the previous year",Kyrgyzstan,Percent,104.7
2018,Normal value,Units,Country Data,Annual,National,"GDP growth rate (decline), as a percentage of the previous year",Kyrgyzstan,Percent,103.8
2010,Normal value,Units,Country Data,Annual,National,"The consumer price index, as a percentage of the previous year",Kyrgyzstan,Percent,108.0
2011,Normal value,Units,Country Data,Annual,National,"The consumer price index, as a percentage of the previous year",Kyrgyzstan,Percent,116.6
2012,Normal value,Units,Country Data,Annual,National,"The consumer price index, as a percentage of the previous year",Kyrgyzstan,Percent,102.8
2013,Normal value,Units,Country Data,Annual,National,"The consumer price index, as a percentage of the previous year",Kyrgyzstan,Percent,106.6
2014,Normal value,Units,Country Data,Annual,National,"The consumer price index, as a percentage of the previous year",Kyrgyzstan,Percent,107.5
2015,Normal value,Units,Country Data,Annual,National,"The consumer price index, as a percentage of the previous year",Kyrgyzstan,Percent,106.5
2016,Normal value,Units,Country Data,Annual,National,"The consumer price index, as a percentage of the previous year",Kyrgyzstan,Percent,100.4
2017,Normal value,Units,Country Data,Annual,National,"The consumer price index, as a percentage of the previous year",Kyrgyzstan,Percent,103.2
2018,Normal value,Units,Country Data,Annual,National,"The consumer price index, as a percentage of the previous year",Kyrgyzstan,Percent,101.5
2019,Normal value,Units,Country Data,Annual,National,"The consumer price index, as a percentage of the previous year",Kyrgyzstan,Percent,101.1
2010,Normal value,Units,Country Data,Annual,National,"Producer Price Indices, as a percentage of the previous year",Kyrgyzstan,Percent,122.79
2011,Normal value,Units,Country Data,Annual,National,"Producer Price Indices, as a percentage of the previous year",Kyrgyzstan,Percent,122.02
2012,Normal value,Units,Country Data,Annual,National,"Producer Price Indices, as a percentage of the previous year",Kyrgyzstan,Percent,105.3
2013,Normal value,Units,Country Data,Annual,National,"Producer Price Indices, as a percentage of the previous year",Kyrgyzstan,Percent,97.92
2014,Normal value,Units,Country Data,Annual,National,"Producer Price Indices, as a percentage of the previous year",Kyrgyzstan,Percent,101.45
2015,Normal value,Units,Country Data,Annual,National,"Producer Price Indices, as a percentage of the previous year",Kyrgyzstan,Percent,108.75
2016,Normal value,Units,Country Data,Annual,National,"Producer Price Indices, as a percentage of the previous year",Kyrgyzstan,Percent,106.41
2017,Normal value,Units,Country Data,Annual,National,"Producer Price Indices, as a percentage of the previous year",Kyrgyzstan,Percent,101.66
2018,Normal value,Units,Country Data,Annual,National,"Producer Price Indices, as a percentage of the previous year",Kyrgyzstan,Percent,101.49
2019,Normal value,Units,Country Data,Annual,National,"Producer Price Indices, as a percentage of the previous year",Kyrgyzstan,Percent,104.1
2010,Normal value,Millions,Country Data,Annual,National,"Budget deficit and sources of financing, milllion soms",Kyrgyzstan,Local currency,-10767.9787
2011,Normal value,Millions,Country Data,Annual,National,"Budget deficit and sources of financing, milllion soms",Kyrgyzstan,Local currency,-13663.7111
2012,Normal value,Millions,Country Data,Annual,National,"Budget deficit and sources of financing, milllion soms",Kyrgyzstan,Local currency,-20232.3134
2013,Normal value,Millions,Country Data,Annual,National,"Budget deficit and sources of financing, milllion soms",Kyrgyzstan,Local currency,-2330.4823
2014,Normal value,Millions,Country Data,Annual,National,"Budget deficit and sources of financing, milllion soms",Kyrgyzstan,Local currency,-1875.5431
2015,Normal value,Millions,Country Data,Annual,National,"Budget deficit and sources of financing, milllion soms",Kyrgyzstan,Local currency,-6149.3213
2016,Normal value,Millions,Country Data,Annual,National,"Budget deficit and sources of financing, milllion soms",Kyrgyzstan,Local currency,-20888.9124
2017,Normal value,Millions,Country Data,Annual,National,"Budget deficit and sources of financing, milllion soms",Kyrgyzstan,Local currency,-16476.1602
2018,Normal value,Millions,Country Data,Annual,National,"Budget deficit and sources of financing, milllion soms",Kyrgyzstan,Local currency,-6188.9008
2019,Normal value,Millions,Country Data,Annual,National,"Budget deficit and sources of financing, milllion soms",Kyrgyzstan,Local currency,-431.7092
2010,Normal value,Millions,Country Data,Annual,National,"Volume of public debt, million soms",Kyrgyzstan,Local currency,7667.4055
2011,Normal value,Millions,Country Data,Annual,National,"Volume of public debt, million soms",Kyrgyzstan,Local currency,9394.668149
2012,Normal value,Millions,Country Data,Annual,National,"Volume of public debt, million soms",Kyrgyzstan,Local currency,11440.61056
2013,Normal value,Millions,Country Data,Annual,National,"Volume of public debt, million soms",Kyrgyzstan,Local currency,13939.58569
2014,Normal value,Millions,Country Data,Annual,National,"Volume of public debt, million soms",Kyrgyzstan,Local currency,13713.456934
2015,Normal value,Millions,Country Data,Annual,National,"Volume of public debt, million soms",Kyrgyzstan,Local currency,14364.3936
2016,Normal value,Millions,Country Data,Annual,National,"Volume of public debt, million soms",Kyrgyzstan,Local currency,20698.734025
2017,Normal value,Millions,Country Data,Annual,National,"Volume of public debt, million soms",Kyrgyzstan,Local currency,20620.48082
2018,Normal value,Millions,Country Data,Annual,National,"Volume of public debt, million soms",Kyrgyzstan,Local currency,23747.690011
2010,Normal value,Units,Country Data,Annual,National,"Foreign trade, as a percentage of the previous year",Kyrgyzstan,Percent,105.6
2011,Normal value,Units,Country Data,Annual,National,"Foreign trade, as a percentage of the previous year",Kyrgyzstan,Percent,130.62446
2012,Normal value,Units,Country Data,Annual,National,"Foreign trade, as a percentage of the previous year",Kyrgyzstan,Percent,115.384261
2013,Normal value,Units,Country Data,Annual,National,"Foreign trade, as a percentage of the previous year",Kyrgyzstan,Percent,106.528605
2014,Normal value,Units,Country Data,Annual,National,"Foreign trade, as a percentage of the previous year",Kyrgyzstan,Percent,95.30386
2015,Normal value,Units,Country Data,Annual,National,"Foreign trade, as a percentage of the previous year",Kyrgyzstan,Percent,73.989322
2016,Normal value,Units,Country Data,Annual,National,"Foreign trade, as a percentage of the previous year",Kyrgyzstan,Percent,98.878752
2017,Normal value,Units,Country Data,Annual,National,"Foreign trade, as a percentage of the previous year",Kyrgyzstan,Percent,112.297259
2018,Normal value,Units,Country Data,Annual,National,"Foreign trade, as a percentage of the previous year",Kyrgyzstan,Percent,113.896789
2010,Normal value,Millions,Country Data,Annual,National,"Export, million USD",Kyrgyzstan,USD,1755.9245
2011,Normal value,Millions,Country Data,Annual,National,"Export, million USD",Kyrgyzstan,USD,2242.1664
2012,Normal value,Millions,Country Data,Annual,National,"Export, million USD",Kyrgyzstan,USD,1927.6232
2013,Normal value,Millions,Country Data,Annual,National,"Export, million USD",Kyrgyzstan,USD,2006.8497
2014,Normal value,Millions,Country Data,Annual,National,"Export, million USD",Kyrgyzstan,USD,1883.733456
2015,Normal value,Millions,Country Data,Annual,National,"Export, million USD",Kyrgyzstan,USD,1482.942034
2016,Normal value,Millions,Country Data,Annual,National,"Export, million USD",Kyrgyzstan,USD,1573.21493
2017,Normal value,Millions,Country Data,Annual,National,"Export, million USD",Kyrgyzstan,USD,1764.254644
2018,Normal value,Millions,Country Data,Annual,National,"Export, million USD",Kyrgyzstan,USD,1836.838696
2010,Normal value,Millions,Country Data,Annual,National,"Import, million USD",Kyrgyzstan,USD,3222.772182
2011,Normal value,Millions,Country Data,Annual,National,"Import, million USD",Kyrgyzstan,USD,4261.226418
2012,Normal value,Millions,Country Data,Annual,National,"Import, million USD",Kyrgyzstan,USD,5576.264131
2013,Normal value,Millions,Country Data,Annual,National,"Import, million USD",Kyrgyzstan,USD,5986.983003
2014,Normal value,Millions,Country Data,Annual,National,"Import, million USD",Kyrgyzstan,USD,5734.703808
2015,Normal value,Millions,Country Data,Annual,National,"Import, million USD",Kyrgyzstan,USD,4153.86051
2016,Normal value,Millions,Country Data,Annual,National,"Import, million USD",Kyrgyzstan,USD,4000.442107
2017,Normal value,Millions,Country Data,Annual,National,"Import, million USD",Kyrgyzstan,USD,4494.728178
2018,Normal value,Millions,Country Data,Annual,National,"Import, million USD",Kyrgyzstan,USD,5291.945776
