Year,Observation status,Unit multiplier,Nature of data points,Frequency of observation,Reporting type,SERIES,Reference area,Age,Degree of urbanisation,UNIT_MEASURE,Value
2013,Normal value,Units,Country Data,Annual,National,Proportion of children who receive preschool education,Kyrgyzstan,1 to 6 years old,,Percent,17.5
2014,Normal value,Units,Country Data,Annual,National,Proportion of children who receive preschool education,Kyrgyzstan,1 to 6 years old,,Percent,19.5
2015,Normal value,Units,Country Data,Annual,National,Proportion of children who receive preschool education,Kyrgyzstan,1 to 6 years old,,Percent,19.9
2016,Normal value,Units,Country Data,Annual,National,Proportion of children who receive preschool education,Kyrgyzstan,1 to 6 years old,,Percent,22.1
2017,Normal value,Units,Country Data,Annual,National,Proportion of children who receive preschool education,Kyrgyzstan,1 to 6 years old,,Percent,23.5
2018,Normal value,Units,Country Data,Annual,National,Proportion of children who receive preschool education,Kyrgyzstan,1 to 6 years old,,Percent,24.6
2019,Normal value,Units,Country Data,Annual,National,Proportion of children who receive preschool education,Kyrgyzstan,1 to 6 years old,,Percent,25.4
2013,Normal value,Units,Country Data,Annual,National,Proportion of children who receive preschool education,Kyrgyzstan,1 to 6 years old,Urban,Percent,31.6
2014,Normal value,Units,Country Data,Annual,National,Proportion of children who receive preschool education,Kyrgyzstan,1 to 6 years old,Urban,Percent,32.3
2015,Normal value,Units,Country Data,Annual,National,Proportion of children who receive preschool education,Kyrgyzstan,1 to 6 years old,Urban,Percent,31.1
2016,Normal value,Units,Country Data,Annual,National,Proportion of children who receive preschool education,Kyrgyzstan,1 to 6 years old,Urban,Percent,32.3
2017,Normal value,Units,Country Data,Annual,National,Proportion of children who receive preschool education,Kyrgyzstan,1 to 6 years old,Urban,Percent,34.2
2018,Normal value,Units,Country Data,Annual,National,Proportion of children who receive preschool education,Kyrgyzstan,1 to 6 years old,Urban,Percent,34.6
2019,Normal value,Units,Country Data,Annual,National,Proportion of children who receive preschool education,Kyrgyzstan,1 to 6 years old,Urban,Percent,34.5
2013,Normal value,Units,Country Data,Annual,National,Proportion of children who receive preschool education,Kyrgyzstan,1 to 6 years old,Rural,Percent,10.8
2014,Normal value,Units,Country Data,Annual,National,Proportion of children who receive preschool education,Kyrgyzstan,1 to 6 years old,Rural,Percent,13.2
2015,Normal value,Units,Country Data,Annual,National,Proportion of children who receive preschool education,Kyrgyzstan,1 to 6 years old,Rural,Percent,14.2
2016,Normal value,Units,Country Data,Annual,National,Proportion of children who receive preschool education,Kyrgyzstan,1 to 6 years old,Rural,Percent,16.6
2017,Normal value,Units,Country Data,Annual,National,Proportion of children who receive preschool education,Kyrgyzstan,1 to 6 years old,Rural,Percent,17.9
2018,Normal value,Units,Country Data,Annual,National,Proportion of children who receive preschool education,Kyrgyzstan,1 to 6 years old,Rural,Percent,19.3
2019,Normal value,Units,Country Data,Annual,National,Proportion of children who receive preschool education,Kyrgyzstan,1 to 6 years old,Rural,Percent,20.6
2013,Normal value,Units,Country Data,Annual,National,Proportion of children who receive preschool education,Batken,1 to 6 years old,,Percent,16.1
2014,Normal value,Units,Country Data,Annual,National,Proportion of children who receive preschool education,Batken,1 to 6 years old,,Percent,19.6
2015,Normal value,Units,Country Data,Annual,National,Proportion of children who receive preschool education,Batken,1 to 6 years old,,Percent,20.6
2016,Normal value,Units,Country Data,Annual,National,Proportion of children who receive preschool education,Batken,1 to 6 years old,,Percent,23.9
2017,Normal value,Units,Country Data,Annual,National,Proportion of children who receive preschool education,Batken,1 to 6 years old,,Percent,25.8
2018,Normal value,Units,Country Data,Annual,National,Proportion of children who receive preschool education,Batken,1 to 6 years old,,Percent,26.3
2019,Normal value,Units,Country Data,Annual,National,Proportion of children who receive preschool education,Batken,1 to 6 years old,,Percent,28.5
2013,Normal value,Units,Country Data,Annual,National,Proportion of children who receive preschool education,Batken,1 to 6 years old,Urban,Percent,33.3
2014,Normal value,Units,Country Data,Annual,National,Proportion of children who receive preschool education,Batken,1 to 6 years old,Urban,Percent,33.1
2015,Normal value,Units,Country Data,Annual,National,Proportion of children who receive preschool education,Batken,1 to 6 years old,Urban,Percent,30.5
2016,Normal value,Units,Country Data,Annual,National,Proportion of children who receive preschool education,Batken,1 to 6 years old,Urban,Percent,32.8
2017,Normal value,Units,Country Data,Annual,National,Proportion of children who receive preschool education,Batken,1 to 6 years old,Urban,Percent,33.2
2018,Normal value,Units,Country Data,Annual,National,Proportion of children who receive preschool education,Batken,1 to 6 years old,Urban,Percent,34.0
2019,Normal value,Units,Country Data,Annual,National,Proportion of children who receive preschool education,Batken,1 to 6 years old,Urban,Percent,42.7
2013,Normal value,Units,Country Data,Annual,National,Proportion of children who receive preschool education,Batken,1 to 6 years old,Rural,Percent,10.2
2014,Normal value,Units,Country Data,Annual,National,Proportion of children who receive preschool education,Batken,1 to 6 years old,Rural,Percent,14.6
2015,Normal value,Units,Country Data,Annual,National,Proportion of children who receive preschool education,Batken,1 to 6 years old,Rural,Percent,16.7
2016,Normal value,Units,Country Data,Annual,National,Proportion of children who receive preschool education,Batken,1 to 6 years old,Rural,Percent,20.5
2017,Normal value,Units,Country Data,Annual,National,Proportion of children who receive preschool education,Batken,1 to 6 years old,Rural,Percent,23.0
2018,Normal value,Units,Country Data,Annual,National,Proportion of children who receive preschool education,Batken,1 to 6 years old,Rural,Percent,23.3
2019,Normal value,Units,Country Data,Annual,National,Proportion of children who receive preschool education,Batken,1 to 6 years old,Rural,Percent,23.8
2013,Normal value,Units,Country Data,Annual,National,Proportion of children who receive preschool education,Jalal-Abad,1 to 6 years old,,Percent,15.2
2014,Normal value,Units,Country Data,Annual,National,Proportion of children who receive preschool education,Jalal-Abad,1 to 6 years old,,Percent,15.5
2015,Normal value,Units,Country Data,Annual,National,Proportion of children who receive preschool education,Jalal-Abad,1 to 6 years old,,Percent,16.1
2016,Normal value,Units,Country Data,Annual,National,Proportion of children who receive preschool education,Jalal-Abad,1 to 6 years old,,Percent,18.7
2017,Normal value,Units,Country Data,Annual,National,Proportion of children who receive preschool education,Jalal-Abad,1 to 6 years old,,Percent,20.2
2018,Normal value,Units,Country Data,Annual,National,Proportion of children who receive preschool education,Jalal-Abad,1 to 6 years old,,Percent,21.8
2019,Normal value,Units,Country Data,Annual,National,Proportion of children who receive preschool education,Jalal-Abad,1 to 6 years old,,Percent,23.0
2013,Normal value,Units,Country Data,Annual,National,Proportion of children who receive preschool education,Jalal-Abad,1 to 6 years old,Urban,Percent,27.4
2014,Normal value,Units,Country Data,Annual,National,Proportion of children who receive preschool education,Jalal-Abad,1 to 6 years old,Urban,Percent,28.5
2015,Normal value,Units,Country Data,Annual,National,Proportion of children who receive preschool education,Jalal-Abad,1 to 6 years old,Urban,Percent,28.4
2016,Normal value,Units,Country Data,Annual,National,Proportion of children who receive preschool education,Jalal-Abad,1 to 6 years old,Urban,Percent,30.6
2017,Normal value,Units,Country Data,Annual,National,Proportion of children who receive preschool education,Jalal-Abad,1 to 6 years old,Urban,Percent,32.8
2018,Normal value,Units,Country Data,Annual,National,Proportion of children who receive preschool education,Jalal-Abad,1 to 6 years old,Urban,Percent,35.0
2019,Normal value,Units,Country Data,Annual,National,Proportion of children who receive preschool education,Jalal-Abad,1 to 6 years old,Urban,Percent,37.8
2013,Normal value,Units,Country Data,Annual,National,Proportion of children who receive preschool education,Jalal-Abad,1 to 6 years old,Rural,Percent,10.3
2014,Normal value,Units,Country Data,Annual,National,Proportion of children who receive preschool education,Jalal-Abad,1 to 6 years old,Rural,Percent,11.8
2015,Normal value,Units,Country Data,Annual,National,Proportion of children who receive preschool education,Jalal-Abad,1 to 6 years old,Rural,Percent,12.6
2016,Normal value,Units,Country Data,Annual,National,Proportion of children who receive preschool education,Jalal-Abad,1 to 6 years old,Rural,Percent,15.1
2017,Normal value,Units,Country Data,Annual,National,Proportion of children who receive preschool education,Jalal-Abad,1 to 6 years old,Rural,Percent,16.5
2018,Normal value,Units,Country Data,Annual,National,Proportion of children who receive preschool education,Jalal-Abad,1 to 6 years old,Rural,Percent,18.0
2019,Normal value,Units,Country Data,Annual,National,Proportion of children who receive preschool education,Jalal-Abad,1 to 6 years old,Rural,Percent,18.9
2013,Normal value,Units,Country Data,Annual,National,Proportion of children who receive preschool education,Issyk-Kul,1 to 6 years old,,Percent,17.4
2014,Normal value,Units,Country Data,Annual,National,Proportion of children who receive preschool education,Issyk-Kul,1 to 6 years old,,Percent,18.8
2015,Normal value,Units,Country Data,Annual,National,Proportion of children who receive preschool education,Issyk-Kul,1 to 6 years old,,Percent,20.9
2016,Normal value,Units,Country Data,Annual,National,Proportion of children who receive preschool education,Issyk-Kul,1 to 6 years old,,Percent,24.1
2017,Normal value,Units,Country Data,Annual,National,Proportion of children who receive preschool education,Issyk-Kul,1 to 6 years old,,Percent,25.8
2018,Normal value,Units,Country Data,Annual,National,Proportion of children who receive preschool education,Issyk-Kul,1 to 6 years old,,Percent,27.2
2019,Normal value,Units,Country Data,Annual,National,Proportion of children who receive preschool education,Issyk-Kul,1 to 6 years old,,Percent,28.8
2013,Normal value,Units,Country Data,Annual,National,Proportion of children who receive preschool education,Issyk-Kul,1 to 6 years old,Urban,Percent,34.2
2014,Normal value,Units,Country Data,Annual,National,Proportion of children who receive preschool education,Issyk-Kul,1 to 6 years old,Urban,Percent,33.3
2015,Normal value,Units,Country Data,Annual,National,Proportion of children who receive preschool education,Issyk-Kul,1 to 6 years old,Urban,Percent,34.6
2016,Normal value,Units,Country Data,Annual,National,Proportion of children who receive preschool education,Issyk-Kul,1 to 6 years old,Urban,Percent,38.8
2017,Normal value,Units,Country Data,Annual,National,Proportion of children who receive preschool education,Issyk-Kul,1 to 6 years old,Urban,Percent,41.1
2018,Normal value,Units,Country Data,Annual,National,Proportion of children who receive preschool education,Issyk-Kul,1 to 6 years old,Urban,Percent,38.9
2019,Normal value,Units,Country Data,Annual,National,Proportion of children who receive preschool education,Issyk-Kul,1 to 6 years old,Urban,Percent,39.0
2013,Normal value,Units,Country Data,Annual,National,Proportion of children who receive preschool education,Issyk-Kul,1 to 6 years old,Rural,Percent,9.4
2014,Normal value,Units,Country Data,Annual,National,Proportion of children who receive preschool education,Issyk-Kul,1 to 6 years old,Rural,Percent,11.1
2015,Normal value,Units,Country Data,Annual,National,Proportion of children who receive preschool education,Issyk-Kul,1 to 6 years old,Rural,Percent,12.8
2016,Normal value,Units,Country Data,Annual,National,Proportion of children who receive preschool education,Issyk-Kul,1 to 6 years old,Rural,Percent,15.8
2017,Normal value,Units,Country Data,Annual,National,Proportion of children who receive preschool education,Issyk-Kul,1 to 6 years old,Rural,Percent,17.7
2018,Normal value,Units,Country Data,Annual,National,Proportion of children who receive preschool education,Issyk-Kul,1 to 6 years old,Rural,Percent,18.9
2019,Normal value,Units,Country Data,Annual,National,Proportion of children who receive preschool education,Issyk-Kul,1 to 6 years old,Rural,Percent,22.9
2013,Normal value,Units,Country Data,Annual,National,Proportion of children who receive preschool education,Naryn,1 to 6 years old,,Percent,19.6
2014,Normal value,Units,Country Data,Annual,National,Proportion of children who receive preschool education,Naryn,1 to 6 years old,,Percent,25.7
2015,Normal value,Units,Country Data,Annual,National,Proportion of children who receive preschool education,Naryn,1 to 6 years old,,Percent,22.3
2016,Normal value,Units,Country Data,Annual,National,Proportion of children who receive preschool education,Naryn,1 to 6 years old,,Percent,26.6
2017,Normal value,Units,Country Data,Annual,National,Proportion of children who receive preschool education,Naryn,1 to 6 years old,,Percent,31.6
2018,Normal value,Units,Country Data,Annual,National,Proportion of children who receive preschool education,Naryn,1 to 6 years old,,Percent,34.2
2019,Normal value,Units,Country Data,Annual,National,Proportion of children who receive preschool education,Naryn,1 to 6 years old,,Percent,35.6
2013,Normal value,Units,Country Data,Annual,National,Proportion of children who receive preschool education,Naryn,1 to 6 years old,Urban,Percent,32.6
2014,Normal value,Units,Country Data,Annual,National,Proportion of children who receive preschool education,Naryn,1 to 6 years old,Urban,Percent,36.8
2015,Normal value,Units,Country Data,Annual,National,Proportion of children who receive preschool education,Naryn,1 to 6 years old,Urban,Percent,17.2
2016,Normal value,Units,Country Data,Annual,National,Proportion of children who receive preschool education,Naryn,1 to 6 years old,Urban,Percent,39.7
2017,Normal value,Units,Country Data,Annual,National,Proportion of children who receive preschool education,Naryn,1 to 6 years old,Urban,Percent,44.8
2018,Normal value,Units,Country Data,Annual,National,Proportion of children who receive preschool education,Naryn,1 to 6 years old,Urban,Percent,50.9
2019,Normal value,Units,Country Data,Annual,National,Proportion of children who receive preschool education,Naryn,1 to 6 years old,Urban,Percent,51.0
2013,Normal value,Units,Country Data,Annual,National,Proportion of children who receive preschool education,Naryn,1 to 6 years old,Rural,Percent,17.5
2014,Normal value,Units,Country Data,Annual,National,Proportion of children who receive preschool education,Naryn,1 to 6 years old,Rural,Percent,23.7
2015,Normal value,Units,Country Data,Annual,National,Proportion of children who receive preschool education,Naryn,1 to 6 years old,Rural,Percent,9.8
2016,Normal value,Units,Country Data,Annual,National,Proportion of children who receive preschool education,Naryn,1 to 6 years old,Rural,Percent,24.3
2017,Normal value,Units,Country Data,Annual,National,Proportion of children who receive preschool education,Naryn,1 to 6 years old,Rural,Percent,29.2
2018,Normal value,Units,Country Data,Annual,National,Proportion of children who receive preschool education,Naryn,1 to 6 years old,Rural,Percent,31.1
2019,Normal value,Units,Country Data,Annual,National,Proportion of children who receive preschool education,Naryn,1 to 6 years old,Rural,Percent,32.9
2013,Normal value,Units,Country Data,Annual,National,Proportion of children who receive preschool education,Osh,1 to 6 years old,,Percent,11.6
2014,Normal value,Units,Country Data,Annual,National,Proportion of children who receive preschool education,Osh,1 to 6 years old,,Percent,13.1
2015,Normal value,Units,Country Data,Annual,National,Proportion of children who receive preschool education,Osh,1 to 6 years old,,Percent,14.3
2016,Normal value,Units,Country Data,Annual,National,Proportion of children who receive preschool education,Osh,1 to 6 years old,,Percent,16.3
2017,Normal value,Units,Country Data,Annual,National,Proportion of children who receive preschool education,Osh,1 to 6 years old,,Percent,17.2
2018,Normal value,Units,Country Data,Annual,National,Proportion of children who receive preschool education,Osh,1 to 6 years old,,Percent,18.2
2019,Normal value,Units,Country Data,Annual,National,Proportion of children who receive preschool education,Osh,1 to 6 years old,,Percent,19.7
2013,Normal value,Units,Country Data,Annual,National,Proportion of children who receive preschool education,Osh,1 to 6 years old,Urban,Percent,15.0
2014,Normal value,Units,Country Data,Annual,National,Proportion of children who receive preschool education,Osh,1 to 6 years old,Urban,Percent,16.4
2015,Normal value,Units,Country Data,Annual,National,Proportion of children who receive preschool education,Osh,1 to 6 years old,Urban,Percent,15.2
2016,Normal value,Units,Country Data,Annual,National,Proportion of children who receive preschool education,Osh,1 to 6 years old,Urban,Percent,18.1
2017,Normal value,Units,Country Data,Annual,National,Proportion of children who receive preschool education,Osh,1 to 6 years old,Urban,Percent,17.7
2018,Normal value,Units,Country Data,Annual,National,Proportion of children who receive preschool education,Osh,1 to 6 years old,Urban,Percent,15.6
2019,Normal value,Units,Country Data,Annual,National,Proportion of children who receive preschool education,Osh,1 to 6 years old,Urban,Percent,17.0
2013,Normal value,Units,Country Data,Annual,National,Proportion of children who receive preschool education,Osh,1 to 6 years old,Rural,Percent,11.4
2014,Normal value,Units,Country Data,Annual,National,Proportion of children who receive preschool education,Osh,1 to 6 years old,Rural,Percent,12.9
2015,Normal value,Units,Country Data,Annual,National,Proportion of children who receive preschool education,Osh,1 to 6 years old,Rural,Percent,14.2
2016,Normal value,Units,Country Data,Annual,National,Proportion of children who receive preschool education,Osh,1 to 6 years old,Rural,Percent,16.2
2017,Normal value,Units,Country Data,Annual,National,Proportion of children who receive preschool education,Osh,1 to 6 years old,Rural,Percent,17.2
2018,Normal value,Units,Country Data,Annual,National,Proportion of children who receive preschool education,Osh,1 to 6 years old,Rural,Percent,18.4
2019,Normal value,Units,Country Data,Annual,National,Proportion of children who receive preschool education,Osh,1 to 6 years old,Rural,Percent,19.9
2013,Normal value,Units,Country Data,Annual,National,Proportion of children who receive preschool education,Talas,1 to 6 years old,,Percent,14.4
2014,Normal value,Units,Country Data,Annual,National,Proportion of children who receive preschool education,Talas,1 to 6 years old,,Percent,17.0
2015,Normal value,Units,Country Data,Annual,National,Proportion of children who receive preschool education,Talas,1 to 6 years old,,Percent,20.6
2016,Normal value,Units,Country Data,Annual,National,Proportion of children who receive preschool education,Talas,1 to 6 years old,,Percent,20.8
2017,Normal value,Units,Country Data,Annual,National,Proportion of children who receive preschool education,Talas,1 to 6 years old,,Percent,22.2
2018,Normal value,Units,Country Data,Annual,National,Proportion of children who receive preschool education,Talas,1 to 6 years old,,Percent,24.4
2019,Normal value,Units,Country Data,Annual,National,Proportion of children who receive preschool education,Talas,1 to 6 years old,,Percent,26.4
2013,Normal value,Units,Country Data,Annual,National,Proportion of children who receive preschool education,Talas,1 to 6 years old,Urban,Percent,49.4
2014,Normal value,Units,Country Data,Annual,National,Proportion of children who receive preschool education,Talas,1 to 6 years old,Urban,Percent,58.4
2015,Normal value,Units,Country Data,Annual,National,Proportion of children who receive preschool education,Talas,1 to 6 years old,Urban,Percent,66.1
2016,Normal value,Units,Country Data,Annual,National,Proportion of children who receive preschool education,Talas,1 to 6 years old,Urban,Percent,65.6
2017,Normal value,Units,Country Data,Annual,National,Proportion of children who receive preschool education,Talas,1 to 6 years old,Urban,Percent,67.1
2018,Normal value,Units,Country Data,Annual,National,Proportion of children who receive preschool education,Talas,1 to 6 years old,Urban,Percent,65.9
2019,Normal value,Units,Country Data,Annual,National,Proportion of children who receive preschool education,Talas,1 to 6 years old,Urban,Percent,65.3
2013,Normal value,Units,Country Data,Annual,National,Proportion of children who receive preschool education,Talas,1 to 6 years old,Rural,Percent,10.3
2014,Normal value,Units,Country Data,Annual,National,Proportion of children who receive preschool education,Talas,1 to 6 years old,Rural,Percent,12.3
2015,Normal value,Units,Country Data,Annual,National,Proportion of children who receive preschool education,Talas,1 to 6 years old,Rural,Percent,15.8
2016,Normal value,Units,Country Data,Annual,National,Proportion of children who receive preschool education,Talas,1 to 6 years old,Rural,Percent,16.0
2017,Normal value,Units,Country Data,Annual,National,Proportion of children who receive preschool education,Talas,1 to 6 years old,Rural,Percent,17.3
2018,Normal value,Units,Country Data,Annual,National,Proportion of children who receive preschool education,Talas,1 to 6 years old,Rural,Percent,19.3
2019,Normal value,Units,Country Data,Annual,National,Proportion of children who receive preschool education,Talas,1 to 6 years old,Rural,Percent,21.4
2013,Normal value,Units,Country Data,Annual,National,Proportion of children who receive preschool education,Chui,1 to 6 years old,,Percent,12.5
2014,Normal value,Units,Country Data,Annual,National,Proportion of children who receive preschool education,Chui,1 to 6 years old,,Percent,16.0
2015,Normal value,Units,Country Data,Annual,National,Proportion of children who receive preschool education,Chui,1 to 6 years old,,Percent,16.5
2016,Normal value,Units,Country Data,Annual,National,Proportion of children who receive preschool education,Chui,1 to 6 years old,,Percent,18.5
2017,Normal value,Units,Country Data,Annual,National,Proportion of children who receive preschool education,Chui,1 to 6 years old,,Percent,19.3
2018,Normal value,Units,Country Data,Annual,National,Proportion of children who receive preschool education,Chui,1 to 6 years old,,Percent,21.1
2019,Normal value,Units,Country Data,Annual,National,Proportion of children who receive preschool education,Chui,1 to 6 years old,,Percent,21.8
2013,Normal value,Units,Country Data,Annual,National,Proportion of children who receive preschool education,Chui,1 to 6 years old,Urban,Percent,24.3
2014,Normal value,Units,Country Data,Annual,National,Proportion of children who receive preschool education,Chui,1 to 6 years old,Urban,Percent,27.6
2015,Normal value,Units,Country Data,Annual,National,Proportion of children who receive preschool education,Chui,1 to 6 years old,Urban,Percent,26.3
2016,Normal value,Units,Country Data,Annual,National,Proportion of children who receive preschool education,Chui,1 to 6 years old,Urban,Percent,30.0
2017,Normal value,Units,Country Data,Annual,National,Proportion of children who receive preschool education,Chui,1 to 6 years old,Urban,Percent,32.3
2018,Normal value,Units,Country Data,Annual,National,Proportion of children who receive preschool education,Chui,1 to 6 years old,Urban,Percent,33.5
2019,Normal value,Units,Country Data,Annual,National,Proportion of children who receive preschool education,Chui,1 to 6 years old,Urban,Percent,35.2
2013,Normal value,Units,Country Data,Annual,National,Proportion of children who receive preschool education,Chui,1 to 6 years old,Rural,Percent,9.3
2014,Normal value,Units,Country Data,Annual,National,Proportion of children who receive preschool education,Chui,1 to 6 years old,Rural,Percent,12.6
2015,Normal value,Units,Country Data,Annual,National,Proportion of children who receive preschool education,Chui,1 to 6 years old,Rural,Percent,13.3
2016,Normal value,Units,Country Data,Annual,National,Proportion of children who receive preschool education,Chui,1 to 6 years old,Rural,Percent,14.9
2017,Normal value,Units,Country Data,Annual,National,Proportion of children who receive preschool education,Chui,1 to 6 years old,Rural,Percent,15.5
2018,Normal value,Units,Country Data,Annual,National,Proportion of children who receive preschool education,Chui,1 to 6 years old,Rural,Percent,17.7
2019,Normal value,Units,Country Data,Annual,National,Proportion of children who receive preschool education,Chui,1 to 6 years old,Rural,Percent,18.4
2013,Normal value,Units,Country Data,Annual,National,Proportion of children who receive preschool education,Bishkek (city),1 to 6 years old,Urban,Percent,31.0
2014,Normal value,Units,Country Data,Annual,National,Proportion of children who receive preschool education,Bishkek (city),1 to 6 years old,Urban,Percent,29.4
2015,Normal value,Units,Country Data,Annual,National,Proportion of children who receive preschool education,Bishkek (city),1 to 6 years old,Urban,Percent,27.9
2016,Normal value,Units,Country Data,Annual,National,Proportion of children who receive preschool education,Bishkek (city),1 to 6 years old,Urban,Percent,28.0
2017,Normal value,Units,Country Data,Annual,National,Proportion of children who receive preschool education,Bishkek (city),1 to 6 years old,Urban,Percent,29.6
2018,Normal value,Units,Country Data,Annual,National,Proportion of children who receive preschool education,Bishkek (city),1 to 6 years old,Urban,Percent,29.5
2019,Normal value,Units,Country Data,Annual,National,Proportion of children who receive preschool education,Bishkek (city),1 to 6 years old,Urban,Percent,28.2
2013,Normal value,Units,Country Data,Annual,National,Proportion of children who receive preschool education,Osh (city),1 to 6 years old,Urban,Percent,41.9
2014,Normal value,Units,Country Data,Annual,National,Proportion of children who receive preschool education,Osh (city),1 to 6 years old,Urban,Percent,49.7
2015,Normal value,Units,Country Data,Annual,National,Proportion of children who receive preschool education,Osh (city),1 to 6 years old,Urban,Percent,48.2
2016,Normal value,Units,Country Data,Annual,National,Proportion of children who receive preschool education,Osh (city),1 to 6 years old,Urban,Percent,49.4
2017,Normal value,Units,Country Data,Annual,National,Proportion of children who receive preschool education,Osh (city),1 to 6 years old,Urban,Percent,47.9
2018,Normal value,Units,Country Data,Annual,National,Proportion of children who receive preschool education,Osh (city),1 to 6 years old,Urban,Percent,48.8
2019,Normal value,Units,Country Data,Annual,National,Proportion of children who receive preschool education,Osh (city),1 to 6 years old,Urban,Percent,43.3
