Year,Observation status,Unit multiplier,Nature of data points,Frequency of observation,Reporting type,SERIES,Reference area,Sex,Economic activity,UNIT_MEASURE,Value
2011,Normal value,Units,Country Data,Annual,National,Average monthly wages ,Kyrgyzstan,Female,,Local currency,8365.6
2011,Normal value,Units,Country Data,Annual,National,Average monthly wages ,Kyrgyzstan,Male,,Local currency,10675.2
2012,Normal value,Units,Country Data,Annual,National,Average monthly wages ,Kyrgyzstan,Female,,Local currency,8700.3
2012,Normal value,Units,Country Data,Annual,National,Average monthly wages ,Kyrgyzstan,Male,,Local currency,11716.3
2013,Normal value,Units,Country Data,Annual,National,Average monthly wages ,Kyrgyzstan,Female,,Local currency,9113.1
2013,Normal value,Units,Country Data,Annual,National,Average monthly wages ,Kyrgyzstan,Male,,Local currency,12439.5
2014,Normal value,Units,Country Data,Annual,National,Average monthly wages ,Kyrgyzstan,Female,,Local currency,9732.4
2014,Normal value,Units,Country Data,Annual,National,Average monthly wages ,Kyrgyzstan,Male,,Local currency,13694.6
2015,Normal value,Units,Country Data,Annual,National,Average monthly wages ,Kyrgyzstan,Female,,Local currency,11125.3
2015,Normal value,Units,Country Data,Annual,National,Average monthly wages ,Kyrgyzstan,Male,,Local currency,14742.8
2016,Normal value,Units,Country Data,Annual,National,Average monthly wages ,Kyrgyzstan,Female,,Local currency,11742.9
2016,Normal value,Units,Country Data,Annual,National,Average monthly wages ,Kyrgyzstan,Male,,Local currency,15591.5
2017,Normal value,Units,Country Data,Annual,National,Average monthly wages ,Kyrgyzstan,Female,,Local currency,12182.8
2017,Normal value,Units,Country Data,Annual,National,Average monthly wages ,Kyrgyzstan,Male,,Local currency,16802.1
2018,Normal value,Units,Country Data,Annual,National,Average monthly wages ,Kyrgyzstan,Female,,Local currency,12573.5
2018,Normal value,Units,Country Data,Annual,National,Average monthly wages ,Kyrgyzstan,Male,,Local currency,17556.4
2019,Normal value,Units,Country Data,Annual,National,Average monthly wages ,Kyrgyzstan,Female,,Local currency,14421.0
2019,Normal value,Units,Country Data,Annual,National,Average monthly wages ,Kyrgyzstan,Male,,Local currency,18724.0
2011,Normal value,Units,Country Data,Annual,National,Average monthly wages ,Kyrgyzstan,Female,"Agriculture, forestry and fishing",Local currency,4548.5
2011,Normal value,Units,Country Data,Annual,National,Average monthly wages ,Kyrgyzstan,Male,"Agriculture, forestry and fishing",Local currency,4561.6
2012,Normal value,Units,Country Data,Annual,National,Average monthly wages ,Kyrgyzstan,Female,"Agriculture, forestry and fishing",Local currency,4726.7
2012,Normal value,Units,Country Data,Annual,National,Average monthly wages ,Kyrgyzstan,Male,"Agriculture, forestry and fishing",Local currency,4879.9
2013,Normal value,Units,Country Data,Annual,National,Average monthly wages ,Kyrgyzstan,Female,"Agriculture, forestry and fishing",Local currency,5230.8
2013,Normal value,Units,Country Data,Annual,National,Average monthly wages ,Kyrgyzstan,Male,"Agriculture, forestry and fishing",Local currency,5699.4
2014,Normal value,Units,Country Data,Annual,National,Average monthly wages ,Kyrgyzstan,Female,"Agriculture, forestry and fishing",Local currency,6192.7
2014,Normal value,Units,Country Data,Annual,National,Average monthly wages ,Kyrgyzstan,Male,"Agriculture, forestry and fishing",Local currency,6074.3
2015,Normal value,Units,Country Data,Annual,National,Average monthly wages ,Kyrgyzstan,Female,"Agriculture, forestry and fishing",Local currency,7378.6
2015,Normal value,Units,Country Data,Annual,National,Average monthly wages ,Kyrgyzstan,Male,"Agriculture, forestry and fishing",Local currency,9018.1
2016,Normal value,Units,Country Data,Annual,National,Average monthly wages ,Kyrgyzstan,Female,"Agriculture, forestry and fishing",Local currency,7390.0
2016,Normal value,Units,Country Data,Annual,National,Average monthly wages ,Kyrgyzstan,Male,"Agriculture, forestry and fishing",Local currency,8359.8
2017,Normal value,Units,Country Data,Annual,National,Average monthly wages ,Kyrgyzstan,Female,"Agriculture, forestry and fishing",Local currency,8497.0
2017,Normal value,Units,Country Data,Annual,National,Average monthly wages ,Kyrgyzstan,Male,"Agriculture, forestry and fishing",Local currency,8922.4
2018,Normal value,Units,Country Data,Annual,National,Average monthly wages ,Kyrgyzstan,Female,"Agriculture, forestry and fishing",Local currency,8905.7
2018,Normal value,Units,Country Data,Annual,National,Average monthly wages ,Kyrgyzstan,Male,"Agriculture, forestry and fishing",Local currency,9116.6
2019,Normal value,Units,Country Data,Annual,National,Average monthly wages ,Kyrgyzstan,Female,"Agriculture, forestry and fishing",Local currency,9077.1
2019,Normal value,Units,Country Data,Annual,National,Average monthly wages ,Kyrgyzstan,Male,"Agriculture, forestry and fishing",Local currency,9775.9
2011,Normal value,Units,Country Data,Annual,National,Average monthly wages ,Kyrgyzstan,Female,Mining and quarrying,Local currency,10291.1
2011,Normal value,Units,Country Data,Annual,National,Average monthly wages ,Kyrgyzstan,Male,Mining and quarrying,Local currency,10478.8
2012,Normal value,Units,Country Data,Annual,National,Average monthly wages ,Kyrgyzstan,Female,Mining and quarrying,Local currency,13648.2
2012,Normal value,Units,Country Data,Annual,National,Average monthly wages ,Kyrgyzstan,Male,Mining and quarrying,Local currency,17111.1
2013,Normal value,Units,Country Data,Annual,National,Average monthly wages ,Kyrgyzstan,Female,Mining and quarrying,Local currency,13694.6
2013,Normal value,Units,Country Data,Annual,National,Average monthly wages ,Kyrgyzstan,Male,Mining and quarrying,Local currency,14402.8
2014,Normal value,Units,Country Data,Annual,National,Average monthly wages ,Kyrgyzstan,Female,Mining and quarrying,Local currency,14243.4
2014,Normal value,Units,Country Data,Annual,National,Average monthly wages ,Kyrgyzstan,Male,Mining and quarrying,Local currency,15562.2
2015,Normal value,Units,Country Data,Annual,National,Average monthly wages ,Kyrgyzstan,Female,Mining and quarrying,Local currency,20206.2
2015,Normal value,Units,Country Data,Annual,National,Average monthly wages ,Kyrgyzstan,Male,Mining and quarrying,Local currency,20843.9
2016,Normal value,Units,Country Data,Annual,National,Average monthly wages ,Kyrgyzstan,Female,Mining and quarrying,Local currency,23165.5
2016,Normal value,Units,Country Data,Annual,National,Average monthly wages ,Kyrgyzstan,Male,Mining and quarrying,Local currency,25767.3
2017,Normal value,Units,Country Data,Annual,National,Average monthly wages ,Kyrgyzstan,Female,Mining and quarrying,Local currency,22098.5
2017,Normal value,Units,Country Data,Annual,National,Average monthly wages ,Kyrgyzstan,Male,Mining and quarrying,Local currency,23738.0
2018,Normal value,Units,Country Data,Annual,National,Average monthly wages ,Kyrgyzstan,Female,Mining and quarrying,Local currency,19858.6
2018,Normal value,Units,Country Data,Annual,National,Average monthly wages ,Kyrgyzstan,Male,Mining and quarrying,Local currency,26349.6
2019,Normal value,Units,Country Data,Annual,National,Average monthly wages ,Kyrgyzstan,Female,Mining and quarrying,Local currency,25112.8
2019,Normal value,Units,Country Data,Annual,National,Average monthly wages ,Kyrgyzstan,Male,Mining and quarrying,Local currency,29614.3
2011,Normal value,Units,Country Data,Annual,National,Average monthly wages ,Kyrgyzstan,Female,Manufacturing,Local currency,7779.9
2011,Normal value,Units,Country Data,Annual,National,Average monthly wages ,Kyrgyzstan,Male,Manufacturing,Local currency,10879.1
2012,Normal value,Units,Country Data,Annual,National,Average monthly wages ,Kyrgyzstan,Female,Manufacturing,Local currency,9583.2
2012,Normal value,Units,Country Data,Annual,National,Average monthly wages ,Kyrgyzstan,Male,Manufacturing,Local currency,11594.8
2013,Normal value,Units,Country Data,Annual,National,Average monthly wages ,Kyrgyzstan,Female,Manufacturing,Local currency,9506.6
2013,Normal value,Units,Country Data,Annual,National,Average monthly wages ,Kyrgyzstan,Male,Manufacturing,Local currency,12216.2
2014,Normal value,Units,Country Data,Annual,National,Average monthly wages ,Kyrgyzstan,Female,Manufacturing,Local currency,10322.0
2014,Normal value,Units,Country Data,Annual,National,Average monthly wages ,Kyrgyzstan,Male,Manufacturing,Local currency,13090.4
2015,Normal value,Units,Country Data,Annual,National,Average monthly wages ,Kyrgyzstan,Female,Manufacturing,Local currency,11022.6
2015,Normal value,Units,Country Data,Annual,National,Average monthly wages ,Kyrgyzstan,Male,Manufacturing,Local currency,13740.0
2016,Normal value,Units,Country Data,Annual,National,Average monthly wages ,Kyrgyzstan,Female,Manufacturing,Local currency,11949.9
2016,Normal value,Units,Country Data,Annual,National,Average monthly wages ,Kyrgyzstan,Male,Manufacturing,Local currency,15076.2
2017,Normal value,Units,Country Data,Annual,National,Average monthly wages ,Kyrgyzstan,Female,Manufacturing,Local currency,12736.5
2017,Normal value,Units,Country Data,Annual,National,Average monthly wages ,Kyrgyzstan,Male,Manufacturing,Local currency,15802.1
2018,Normal value,Units,Country Data,Annual,National,Average monthly wages ,Kyrgyzstan,Female,Manufacturing,Local currency,13704.7
2018,Normal value,Units,Country Data,Annual,National,Average monthly wages ,Kyrgyzstan,Male,Manufacturing,Local currency,16711.7
2019,Normal value,Units,Country Data,Annual,National,Average monthly wages ,Kyrgyzstan,Female,Manufacturing,Local currency,15161.0
2019,Normal value,Units,Country Data,Annual,National,Average monthly wages ,Kyrgyzstan,Male,Manufacturing,Local currency,17658.9
2011,Normal value,Units,Country Data,Annual,National,Average monthly wages ,Kyrgyzstan,Female,"Electricity, gas, steam and air conditioning supply",Local currency,14160.1
2011,Normal value,Units,Country Data,Annual,National,Average monthly wages ,Kyrgyzstan,Male,"Electricity, gas, steam and air conditioning supply",Local currency,15121.5
2012,Normal value,Units,Country Data,Annual,National,Average monthly wages ,Kyrgyzstan,Female,"Electricity, gas, steam and air conditioning supply",Local currency,18564.4
2012,Normal value,Units,Country Data,Annual,National,Average monthly wages ,Kyrgyzstan,Male,"Electricity, gas, steam and air conditioning supply",Local currency,18018.1
2013,Normal value,Units,Country Data,Annual,National,Average monthly wages ,Kyrgyzstan,Female,"Electricity, gas, steam and air conditioning supply",Local currency,17006.4
2013,Normal value,Units,Country Data,Annual,National,Average monthly wages ,Kyrgyzstan,Male,"Electricity, gas, steam and air conditioning supply",Local currency,17317.9
2014,Normal value,Units,Country Data,Annual,National,Average monthly wages ,Kyrgyzstan,Female,"Electricity, gas, steam and air conditioning supply",Local currency,19774.7
2014,Normal value,Units,Country Data,Annual,National,Average monthly wages ,Kyrgyzstan,Male,"Electricity, gas, steam and air conditioning supply",Local currency,19512.8
2015,Normal value,Units,Country Data,Annual,National,Average monthly wages ,Kyrgyzstan,Female,"Electricity, gas, steam and air conditioning supply",Local currency,22865.4
2015,Normal value,Units,Country Data,Annual,National,Average monthly wages ,Kyrgyzstan,Male,"Electricity, gas, steam and air conditioning supply",Local currency,23517.5
2016,Normal value,Units,Country Data,Annual,National,Average monthly wages ,Kyrgyzstan,Female,"Electricity, gas, steam and air conditioning supply",Local currency,23702.8
2016,Normal value,Units,Country Data,Annual,National,Average monthly wages ,Kyrgyzstan,Male,"Electricity, gas, steam and air conditioning supply",Local currency,24212.7
2017,Normal value,Units,Country Data,Annual,National,Average monthly wages ,Kyrgyzstan,Female,"Electricity, gas, steam and air conditioning supply",Local currency,24394.9
2017,Normal value,Units,Country Data,Annual,National,Average monthly wages ,Kyrgyzstan,Male,"Electricity, gas, steam and air conditioning supply",Local currency,24266.4
2018,Normal value,Units,Country Data,Annual,National,Average monthly wages ,Kyrgyzstan,Female,"Electricity, gas, steam and air conditioning supply",Local currency,24855.0
2018,Normal value,Units,Country Data,Annual,National,Average monthly wages ,Kyrgyzstan,Male,"Electricity, gas, steam and air conditioning supply",Local currency,26772.1
2019,Normal value,Units,Country Data,Annual,National,Average monthly wages ,Kyrgyzstan,Female,"Electricity, gas, steam and air conditioning supply",Local currency,28936.1
2019,Normal value,Units,Country Data,Annual,National,Average monthly wages ,Kyrgyzstan,Male,"Electricity, gas, steam and air conditioning supply",Local currency,29039.9
2011,Normal value,Units,Country Data,Annual,National,Average monthly wages ,Kyrgyzstan,Female,"Water supply; sewerage, waste management and remediation activities",Local currency,7097.9
2011,Normal value,Units,Country Data,Annual,National,Average monthly wages ,Kyrgyzstan,Male,"Water supply; sewerage, waste management and remediation activities",Local currency,8512.1
2012,Normal value,Units,Country Data,Annual,National,Average monthly wages ,Kyrgyzstan,Female,"Water supply; sewerage, waste management and remediation activities",Local currency,7874.8
2012,Normal value,Units,Country Data,Annual,National,Average monthly wages ,Kyrgyzstan,Male,"Water supply; sewerage, waste management and remediation activities",Local currency,9348.3
2013,Normal value,Units,Country Data,Annual,National,Average monthly wages ,Kyrgyzstan,Female,"Water supply; sewerage, waste management and remediation activities",Local currency,8309.5
2013,Normal value,Units,Country Data,Annual,National,Average monthly wages ,Kyrgyzstan,Male,"Water supply; sewerage, waste management and remediation activities",Local currency,10479.9
2014,Normal value,Units,Country Data,Annual,National,Average monthly wages ,Kyrgyzstan,Female,"Water supply; sewerage, waste management and remediation activities",Local currency,8752.5
2014,Normal value,Units,Country Data,Annual,National,Average monthly wages ,Kyrgyzstan,Male,"Water supply; sewerage, waste management and remediation activities",Local currency,12181.5
2015,Normal value,Units,Country Data,Annual,National,Average monthly wages ,Kyrgyzstan,Female,"Water supply; sewerage, waste management and remediation activities",Local currency,9335.7
2015,Normal value,Units,Country Data,Annual,National,Average monthly wages ,Kyrgyzstan,Male,"Water supply; sewerage, waste management and remediation activities",Local currency,11772.3
2016,Normal value,Units,Country Data,Annual,National,Average monthly wages ,Kyrgyzstan,Female,"Water supply; sewerage, waste management and remediation activities",Local currency,10668.2
2016,Normal value,Units,Country Data,Annual,National,Average monthly wages ,Kyrgyzstan,Male,"Water supply; sewerage, waste management and remediation activities",Local currency,12166.8
2017,Normal value,Units,Country Data,Annual,National,Average monthly wages ,Kyrgyzstan,Female,"Water supply; sewerage, waste management and remediation activities",Local currency,11217.0
2017,Normal value,Units,Country Data,Annual,National,Average monthly wages ,Kyrgyzstan,Male,"Water supply; sewerage, waste management and remediation activities",Local currency,13276.3
2018,Normal value,Units,Country Data,Annual,National,Average monthly wages ,Kyrgyzstan,Female,"Water supply; sewerage, waste management and remediation activities",Local currency,11809.7
2018,Normal value,Units,Country Data,Annual,National,Average monthly wages ,Kyrgyzstan,Male,"Water supply; sewerage, waste management and remediation activities",Local currency,14015.9
2019,Normal value,Units,Country Data,Annual,National,Average monthly wages ,Kyrgyzstan,Female,"Water supply; sewerage, waste management and remediation activities",Local currency,14491.6
2019,Normal value,Units,Country Data,Annual,National,Average monthly wages ,Kyrgyzstan,Male,"Water supply; sewerage, waste management and remediation activities",Local currency,14979.6
2011,Normal value,Units,Country Data,Annual,National,Average monthly wages ,Kyrgyzstan,Female,Construction,Local currency,7461.7
2011,Normal value,Units,Country Data,Annual,National,Average monthly wages ,Kyrgyzstan,Male,Construction,Local currency,9692.9
2012,Normal value,Units,Country Data,Annual,National,Average monthly wages ,Kyrgyzstan,Female,Construction,Local currency,8708.8
2012,Normal value,Units,Country Data,Annual,National,Average monthly wages ,Kyrgyzstan,Male,Construction,Local currency,10047.4
2013,Normal value,Units,Country Data,Annual,National,Average monthly wages ,Kyrgyzstan,Female,Construction,Local currency,10101.0
2013,Normal value,Units,Country Data,Annual,National,Average monthly wages ,Kyrgyzstan,Male,Construction,Local currency,10554.2
2014,Normal value,Units,Country Data,Annual,National,Average monthly wages ,Kyrgyzstan,Female,Construction,Local currency,8990.4
2014,Normal value,Units,Country Data,Annual,National,Average monthly wages ,Kyrgyzstan,Male,Construction,Local currency,11811.2
2015,Normal value,Units,Country Data,Annual,National,Average monthly wages ,Kyrgyzstan,Female,Construction,Local currency,8991.5
2015,Normal value,Units,Country Data,Annual,National,Average monthly wages ,Kyrgyzstan,Male,Construction,Local currency,11689.2
2016,Normal value,Units,Country Data,Annual,National,Average monthly wages ,Kyrgyzstan,Female,Construction,Local currency,11706.6
2016,Normal value,Units,Country Data,Annual,National,Average monthly wages ,Kyrgyzstan,Male,Construction,Local currency,14730.1
2017,Normal value,Units,Country Data,Annual,National,Average monthly wages ,Kyrgyzstan,Female,Construction,Local currency,14489.9
2017,Normal value,Units,Country Data,Annual,National,Average monthly wages ,Kyrgyzstan,Male,Construction,Local currency,16612.5
2018,Normal value,Units,Country Data,Annual,National,Average monthly wages ,Kyrgyzstan,Female,Construction,Local currency,13824.4
2018,Normal value,Units,Country Data,Annual,National,Average monthly wages ,Kyrgyzstan,Male,Construction,Local currency,16640.2
2019,Normal value,Units,Country Data,Annual,National,Average monthly wages ,Kyrgyzstan,Female,Construction,Local currency,15478.4
2019,Normal value,Units,Country Data,Annual,National,Average monthly wages ,Kyrgyzstan,Male,Construction,Local currency,20339.1
2011,Normal value,Units,Country Data,Annual,National,Average monthly wages ,Kyrgyzstan,Female,Wholesale and retail trade; repair of motor vehicles and motorcycles,Local currency,10848.1
2011,Normal value,Units,Country Data,Annual,National,Average monthly wages ,Kyrgyzstan,Male,Wholesale and retail trade; repair of motor vehicles and motorcycles,Local currency,13252.0
2012,Normal value,Units,Country Data,Annual,National,Average monthly wages ,Kyrgyzstan,Female,Wholesale and retail trade; repair of motor vehicles and motorcycles,Local currency,10912.9
2012,Normal value,Units,Country Data,Annual,National,Average monthly wages ,Kyrgyzstan,Male,Wholesale and retail trade; repair of motor vehicles and motorcycles,Local currency,14999.1
2013,Normal value,Units,Country Data,Annual,National,Average monthly wages ,Kyrgyzstan,Female,Wholesale and retail trade; repair of motor vehicles and motorcycles,Local currency,11559.5
2013,Normal value,Units,Country Data,Annual,National,Average monthly wages ,Kyrgyzstan,Male,Wholesale and retail trade; repair of motor vehicles and motorcycles,Local currency,15591.8
2014,Normal value,Units,Country Data,Annual,National,Average monthly wages ,Kyrgyzstan,Female,Wholesale and retail trade; repair of motor vehicles and motorcycles,Local currency,13767.4
2014,Normal value,Units,Country Data,Annual,National,Average monthly wages ,Kyrgyzstan,Male,Wholesale and retail trade; repair of motor vehicles and motorcycles,Local currency,17200.5
2015,Normal value,Units,Country Data,Annual,National,Average monthly wages ,Kyrgyzstan,Female,Wholesale and retail trade; repair of motor vehicles and motorcycles,Local currency,12455.4
2015,Normal value,Units,Country Data,Annual,National,Average monthly wages ,Kyrgyzstan,Male,Wholesale and retail trade; repair of motor vehicles and motorcycles,Local currency,15170.8
2016,Normal value,Units,Country Data,Annual,National,Average monthly wages ,Kyrgyzstan,Female,Wholesale and retail trade; repair of motor vehicles and motorcycles,Local currency,14647.7
2016,Normal value,Units,Country Data,Annual,National,Average monthly wages ,Kyrgyzstan,Male,Wholesale and retail trade; repair of motor vehicles and motorcycles,Local currency,17360.8
2017,Normal value,Units,Country Data,Annual,National,Average monthly wages ,Kyrgyzstan,Female,Wholesale and retail trade; repair of motor vehicles and motorcycles,Local currency,14808.3
2017,Normal value,Units,Country Data,Annual,National,Average monthly wages ,Kyrgyzstan,Male,Wholesale and retail trade; repair of motor vehicles and motorcycles,Local currency,16556.2
2018,Normal value,Units,Country Data,Annual,National,Average monthly wages ,Kyrgyzstan,Female,Wholesale and retail trade; repair of motor vehicles and motorcycles,Local currency,16022.1
2018,Normal value,Units,Country Data,Annual,National,Average monthly wages ,Kyrgyzstan,Male,Wholesale and retail trade; repair of motor vehicles and motorcycles,Local currency,17624.1
2019,Normal value,Units,Country Data,Annual,National,Average monthly wages ,Kyrgyzstan,Female,Wholesale and retail trade; repair of motor vehicles and motorcycles,Local currency,16246.1
2019,Normal value,Units,Country Data,Annual,National,Average monthly wages ,Kyrgyzstan,Male,Wholesale and retail trade; repair of motor vehicles and motorcycles,Local currency,19132.8
2011,Normal value,Units,Country Data,Annual,National,Average monthly wages ,Kyrgyzstan,Female,Transportation and storage,Local currency,9395.1
2011,Normal value,Units,Country Data,Annual,National,Average monthly wages ,Kyrgyzstan,Male,Transportation and storage,Local currency,12164.4
2012,Normal value,Units,Country Data,Annual,National,Average monthly wages ,Kyrgyzstan,Female,Transportation and storage,Local currency,10325.0
2012,Normal value,Units,Country Data,Annual,National,Average monthly wages ,Kyrgyzstan,Male,Transportation and storage,Local currency,15698.9
2013,Normal value,Units,Country Data,Annual,National,Average monthly wages ,Kyrgyzstan,Female,Transportation and storage,Local currency,11036.2
2013,Normal value,Units,Country Data,Annual,National,Average monthly wages ,Kyrgyzstan,Male,Transportation and storage,Local currency,17090.7
2014,Normal value,Units,Country Data,Annual,National,Average monthly wages ,Kyrgyzstan,Female,Transportation and storage,Local currency,13857.9
2014,Normal value,Units,Country Data,Annual,National,Average monthly wages ,Kyrgyzstan,Male,Transportation and storage,Local currency,21369.2
2015,Normal value,Units,Country Data,Annual,National,Average monthly wages ,Kyrgyzstan,Female,Transportation and storage,Local currency,14205.6
2015,Normal value,Units,Country Data,Annual,National,Average monthly wages ,Kyrgyzstan,Male,Transportation and storage,Local currency,22780.0
2016,Normal value,Units,Country Data,Annual,National,Average monthly wages ,Kyrgyzstan,Female,Transportation and storage,Local currency,13837.2
2016,Normal value,Units,Country Data,Annual,National,Average monthly wages ,Kyrgyzstan,Male,Transportation and storage,Local currency,22726.5
2017,Normal value,Units,Country Data,Annual,National,Average monthly wages ,Kyrgyzstan,Female,Transportation and storage,Local currency,16074.1
2017,Normal value,Units,Country Data,Annual,National,Average monthly wages ,Kyrgyzstan,Male,Transportation and storage,Local currency,25482.6
2018,Normal value,Units,Country Data,Annual,National,Average monthly wages ,Kyrgyzstan,Female,Transportation and storage,Local currency,14876.6
2018,Normal value,Units,Country Data,Annual,National,Average monthly wages ,Kyrgyzstan,Male,Transportation and storage,Local currency,25678.1
2019,Normal value,Units,Country Data,Annual,National,Average monthly wages ,Kyrgyzstan,Female,Transportation and storage,Local currency,15182.1
2019,Normal value,Units,Country Data,Annual,National,Average monthly wages ,Kyrgyzstan,Male,Transportation and storage,Local currency,24925.1
2011,Normal value,Units,Country Data,Annual,National,Average monthly wages ,Kyrgyzstan,Female,Accommodation and food service activities,Local currency,7487.3
2011,Normal value,Units,Country Data,Annual,National,Average monthly wages ,Kyrgyzstan,Male,Accommodation and food service activities,Local currency,10371.4
2012,Normal value,Units,Country Data,Annual,National,Average monthly wages ,Kyrgyzstan,Female,Accommodation and food service activities,Local currency,10012.7
2012,Normal value,Units,Country Data,Annual,National,Average monthly wages ,Kyrgyzstan,Male,Accommodation and food service activities,Local currency,10772.3
2013,Normal value,Units,Country Data,Annual,National,Average monthly wages ,Kyrgyzstan,Female,Accommodation and food service activities,Local currency,9877.6
2013,Normal value,Units,Country Data,Annual,National,Average monthly wages ,Kyrgyzstan,Male,Accommodation and food service activities,Local currency,11218.6
2014,Normal value,Units,Country Data,Annual,National,Average monthly wages ,Kyrgyzstan,Female,Accommodation and food service activities,Local currency,9314.5
2014,Normal value,Units,Country Data,Annual,National,Average monthly wages ,Kyrgyzstan,Male,Accommodation and food service activities,Local currency,12369.8
2015,Normal value,Units,Country Data,Annual,National,Average monthly wages ,Kyrgyzstan,Female,Accommodation and food service activities,Local currency,9799.1
2015,Normal value,Units,Country Data,Annual,National,Average monthly wages ,Kyrgyzstan,Male,Accommodation and food service activities,Local currency,12729.2
2016,Normal value,Units,Country Data,Annual,National,Average monthly wages ,Kyrgyzstan,Female,Accommodation and food service activities,Local currency,9837.6
2016,Normal value,Units,Country Data,Annual,National,Average monthly wages ,Kyrgyzstan,Male,Accommodation and food service activities,Local currency,13681.8
2017,Normal value,Units,Country Data,Annual,National,Average monthly wages ,Kyrgyzstan,Female,Accommodation and food service activities,Local currency,11401.1
2017,Normal value,Units,Country Data,Annual,National,Average monthly wages ,Kyrgyzstan,Male,Accommodation and food service activities,Local currency,11978.9
2018,Normal value,Units,Country Data,Annual,National,Average monthly wages ,Kyrgyzstan,Female,Accommodation and food service activities,Local currency,12791.0
2018,Normal value,Units,Country Data,Annual,National,Average monthly wages ,Kyrgyzstan,Male,Accommodation and food service activities,Local currency,15929.9
2019,Normal value,Units,Country Data,Annual,National,Average monthly wages ,Kyrgyzstan,Female,Accommodation and food service activities,Local currency,14685.6
2019,Normal value,Units,Country Data,Annual,National,Average monthly wages ,Kyrgyzstan,Male,Accommodation and food service activities,Local currency,17239.9
2011,Normal value,Units,Country Data,Annual,National,Average monthly wages ,Kyrgyzstan,Female,Information and communication,Local currency,14988.1
2011,Normal value,Units,Country Data,Annual,National,Average monthly wages ,Kyrgyzstan,Male,Information and communication,Local currency,19715.7
2012,Normal value,Units,Country Data,Annual,National,Average monthly wages ,Kyrgyzstan,Female,Information and communication,Local currency,15828.9
2012,Normal value,Units,Country Data,Annual,National,Average monthly wages ,Kyrgyzstan,Male,Information and communication,Local currency,21524.7
2013,Normal value,Units,Country Data,Annual,National,Average monthly wages ,Kyrgyzstan,Female,Information and communication,Local currency,18211.4
2013,Normal value,Units,Country Data,Annual,National,Average monthly wages ,Kyrgyzstan,Male,Information and communication,Local currency,24850.9
2014,Normal value,Units,Country Data,Annual,National,Average monthly wages ,Kyrgyzstan,Female,Information and communication,Local currency,18929.5
2014,Normal value,Units,Country Data,Annual,National,Average monthly wages ,Kyrgyzstan,Male,Information and communication,Local currency,24702.2
2015,Normal value,Units,Country Data,Annual,National,Average monthly wages ,Kyrgyzstan,Female,Information and communication,Local currency,19306.4
2015,Normal value,Units,Country Data,Annual,National,Average monthly wages ,Kyrgyzstan,Male,Information and communication,Local currency,28211.8
2016,Normal value,Units,Country Data,Annual,National,Average monthly wages ,Kyrgyzstan,Female,Information and communication,Local currency,27087.6
2016,Normal value,Units,Country Data,Annual,National,Average monthly wages ,Kyrgyzstan,Male,Information and communication,Local currency,24422.4
2017,Normal value,Units,Country Data,Annual,National,Average monthly wages ,Kyrgyzstan,Female,Information and communication,Local currency,24367.0
2017,Normal value,Units,Country Data,Annual,National,Average monthly wages ,Kyrgyzstan,Male,Information and communication,Local currency,30262.8
2018,Normal value,Units,Country Data,Annual,National,Average monthly wages ,Kyrgyzstan,Female,Information and communication,Local currency,26919.8
2018,Normal value,Units,Country Data,Annual,National,Average monthly wages ,Kyrgyzstan,Male,Information and communication,Local currency,39038.2
2019,Normal value,Units,Country Data,Annual,National,Average monthly wages ,Kyrgyzstan,Female,Information and communication,Local currency,30636.9
2019,Normal value,Units,Country Data,Annual,National,Average monthly wages ,Kyrgyzstan,Male,Information and communication,Local currency,36272.2
2011,Normal value,Units,Country Data,Annual,National,Average monthly wages ,Kyrgyzstan,Female,Financial and insurance activities,Local currency,18256.9
2011,Normal value,Units,Country Data,Annual,National,Average monthly wages ,Kyrgyzstan,Male,Financial and insurance activities,Local currency,23772.5
2012,Normal value,Units,Country Data,Annual,National,Average monthly wages ,Kyrgyzstan,Female,Financial and insurance activities,Local currency,19804.3
2012,Normal value,Units,Country Data,Annual,National,Average monthly wages ,Kyrgyzstan,Male,Financial and insurance activities,Local currency,25192.0
2013,Normal value,Units,Country Data,Annual,National,Average monthly wages ,Kyrgyzstan,Female,Financial and insurance activities,Local currency,21181.1
2013,Normal value,Units,Country Data,Annual,National,Average monthly wages ,Kyrgyzstan,Male,Financial and insurance activities,Local currency,26902.3
2014,Normal value,Units,Country Data,Annual,National,Average monthly wages ,Kyrgyzstan,Female,Financial and insurance activities,Local currency,24106.8
2014,Normal value,Units,Country Data,Annual,National,Average monthly wages ,Kyrgyzstan,Male,Financial and insurance activities,Local currency,32503.3
2015,Normal value,Units,Country Data,Annual,National,Average monthly wages ,Kyrgyzstan,Female,Financial and insurance activities,Local currency,24028.0
2015,Normal value,Units,Country Data,Annual,National,Average monthly wages ,Kyrgyzstan,Male,Financial and insurance activities,Local currency,31556.2
2016,Normal value,Units,Country Data,Annual,National,Average monthly wages ,Kyrgyzstan,Female,Financial and insurance activities,Local currency,24482.4
2016,Normal value,Units,Country Data,Annual,National,Average monthly wages ,Kyrgyzstan,Male,Financial and insurance activities,Local currency,32357.0
2017,Normal value,Units,Country Data,Annual,National,Average monthly wages ,Kyrgyzstan,Female,Financial and insurance activities,Local currency,24810.5
2017,Normal value,Units,Country Data,Annual,National,Average monthly wages ,Kyrgyzstan,Male,Financial and insurance activities,Local currency,36351.7
2018,Normal value,Units,Country Data,Annual,National,Average monthly wages ,Kyrgyzstan,Female,Financial and insurance activities,Local currency,28331.0
2018,Normal value,Units,Country Data,Annual,National,Average monthly wages ,Kyrgyzstan,Male,Financial and insurance activities,Local currency,36192.1
2019,Normal value,Units,Country Data,Annual,National,Average monthly wages ,Kyrgyzstan,Female,Financial and insurance activities,Local currency,31556.2
2019,Normal value,Units,Country Data,Annual,National,Average monthly wages ,Kyrgyzstan,Male,Financial and insurance activities,Local currency,41375.0
2011,Normal value,Units,Country Data,Annual,National,Average monthly wages ,Kyrgyzstan,Female,Real estate activities,Local currency,6003.0
2011,Normal value,Units,Country Data,Annual,National,Average monthly wages ,Kyrgyzstan,Male,Real estate activities,Local currency,7571.4
2012,Normal value,Units,Country Data,Annual,National,Average monthly wages ,Kyrgyzstan,Female,Real estate activities,Local currency,7520.8
2012,Normal value,Units,Country Data,Annual,National,Average monthly wages ,Kyrgyzstan,Male,Real estate activities,Local currency,8564.3
2013,Normal value,Units,Country Data,Annual,National,Average monthly wages ,Kyrgyzstan,Female,Real estate activities,Local currency,7942.1
2013,Normal value,Units,Country Data,Annual,National,Average monthly wages ,Kyrgyzstan,Male,Real estate activities,Local currency,9644.7
2014,Normal value,Units,Country Data,Annual,National,Average monthly wages ,Kyrgyzstan,Female,Real estate activities,Local currency,9733.9
2014,Normal value,Units,Country Data,Annual,National,Average monthly wages ,Kyrgyzstan,Male,Real estate activities,Local currency,10498.3
2015,Normal value,Units,Country Data,Annual,National,Average monthly wages ,Kyrgyzstan,Female,Real estate activities,Local currency,10921.3
2015,Normal value,Units,Country Data,Annual,National,Average monthly wages ,Kyrgyzstan,Male,Real estate activities,Local currency,12427.6
2016,Normal value,Units,Country Data,Annual,National,Average monthly wages ,Kyrgyzstan,Female,Real estate activities,Local currency,10633.5
2016,Normal value,Units,Country Data,Annual,National,Average monthly wages ,Kyrgyzstan,Male,Real estate activities,Local currency,12024.1
2017,Normal value,Units,Country Data,Annual,National,Average monthly wages ,Kyrgyzstan,Female,Real estate activities,Local currency,11195.2
2017,Normal value,Units,Country Data,Annual,National,Average monthly wages ,Kyrgyzstan,Male,Real estate activities,Local currency,13722.1
2018,Normal value,Units,Country Data,Annual,National,Average monthly wages ,Kyrgyzstan,Female,Real estate activities,Local currency,12556.1
2018,Normal value,Units,Country Data,Annual,National,Average monthly wages ,Kyrgyzstan,Male,Real estate activities,Local currency,13757.5
2019,Normal value,Units,Country Data,Annual,National,Average monthly wages ,Kyrgyzstan,Female,Real estate activities,Local currency,14041.0
2019,Normal value,Units,Country Data,Annual,National,Average monthly wages ,Kyrgyzstan,Male,Real estate activities,Local currency,14889.7
2011,Normal value,Units,Country Data,Annual,National,Average monthly wages ,Kyrgyzstan,Female,"Professional, scientific and technical activities",Local currency,10690.0
2011,Normal value,Units,Country Data,Annual,National,Average monthly wages ,Kyrgyzstan,Male,"Professional, scientific and technical activities",Local currency,15826.9
2012,Normal value,Units,Country Data,Annual,National,Average monthly wages ,Kyrgyzstan,Female,"Professional, scientific and technical activities",Local currency,12009.8
2012,Normal value,Units,Country Data,Annual,National,Average monthly wages ,Kyrgyzstan,Male,"Professional, scientific and technical activities",Local currency,16723.3
2013,Normal value,Units,Country Data,Annual,National,Average monthly wages ,Kyrgyzstan,Female,"Professional, scientific and technical activities",Local currency,12487.8
2013,Normal value,Units,Country Data,Annual,National,Average monthly wages ,Kyrgyzstan,Male,"Professional, scientific and technical activities",Local currency,16335.8
2014,Normal value,Units,Country Data,Annual,National,Average monthly wages ,Kyrgyzstan,Female,"Professional, scientific and technical activities",Local currency,13570.4
2014,Normal value,Units,Country Data,Annual,National,Average monthly wages ,Kyrgyzstan,Male,"Professional, scientific and technical activities",Local currency,19122.8
2015,Normal value,Units,Country Data,Annual,National,Average monthly wages ,Kyrgyzstan,Female,"Professional, scientific and technical activities",Local currency,17195.1
2015,Normal value,Units,Country Data,Annual,National,Average monthly wages ,Kyrgyzstan,Male,"Professional, scientific and technical activities",Local currency,14561.4
2016,Normal value,Units,Country Data,Annual,National,Average monthly wages ,Kyrgyzstan,Female,"Professional, scientific and technical activities",Local currency,13596.0
2016,Normal value,Units,Country Data,Annual,National,Average monthly wages ,Kyrgyzstan,Male,"Professional, scientific and technical activities",Local currency,17860.3
2017,Normal value,Units,Country Data,Annual,National,Average monthly wages ,Kyrgyzstan,Female,"Professional, scientific and technical activities",Local currency,15840.4
2017,Normal value,Units,Country Data,Annual,National,Average monthly wages ,Kyrgyzstan,Male,"Professional, scientific and technical activities",Local currency,25270.8
2018,Normal value,Units,Country Data,Annual,National,Average monthly wages ,Kyrgyzstan,Female,"Professional, scientific and technical activities",Local currency,16417.0
2018,Normal value,Units,Country Data,Annual,National,Average monthly wages ,Kyrgyzstan,Male,"Professional, scientific and technical activities",Local currency,22722.1
2019,Normal value,Units,Country Data,Annual,National,Average monthly wages ,Kyrgyzstan,Female,"Professional, scientific and technical activities",Local currency,18913.7
2019,Normal value,Units,Country Data,Annual,National,Average monthly wages ,Kyrgyzstan,Male,"Professional, scientific and technical activities",Local currency,26838.2
2011,Normal value,Units,Country Data,Annual,National,Average monthly wages ,Kyrgyzstan,Female,Administrative and support service activities,Local currency,6066.8
2011,Normal value,Units,Country Data,Annual,National,Average monthly wages ,Kyrgyzstan,Male,Administrative and support service activities,Local currency,7583.4
2012,Normal value,Units,Country Data,Annual,National,Average monthly wages ,Kyrgyzstan,Female,Administrative and support service activities,Local currency,6684.2
2012,Normal value,Units,Country Data,Annual,National,Average monthly wages ,Kyrgyzstan,Male,Administrative and support service activities,Local currency,8698.8
2013,Normal value,Units,Country Data,Annual,National,Average monthly wages ,Kyrgyzstan,Female,Administrative and support service activities,Local currency,7577.1
2013,Normal value,Units,Country Data,Annual,National,Average monthly wages ,Kyrgyzstan,Male,Administrative and support service activities,Local currency,9330.9
2014,Normal value,Units,Country Data,Annual,National,Average monthly wages ,Kyrgyzstan,Female,Administrative and support service activities,Local currency,9014.9
2014,Normal value,Units,Country Data,Annual,National,Average monthly wages ,Kyrgyzstan,Male,Administrative and support service activities,Local currency,11180.8
2015,Normal value,Units,Country Data,Annual,National,Average monthly wages ,Kyrgyzstan,Female,Administrative and support service activities,Local currency,10734.0
2015,Normal value,Units,Country Data,Annual,National,Average monthly wages ,Kyrgyzstan,Male,Administrative and support service activities,Local currency,11421.0
2016,Normal value,Units,Country Data,Annual,National,Average monthly wages ,Kyrgyzstan,Female,Administrative and support service activities,Local currency,10033.8
2016,Normal value,Units,Country Data,Annual,National,Average monthly wages ,Kyrgyzstan,Male,Administrative and support service activities,Local currency,11962.3
2017,Normal value,Units,Country Data,Annual,National,Average monthly wages ,Kyrgyzstan,Female,Administrative and support service activities,Local currency,11458.3
2017,Normal value,Units,Country Data,Annual,National,Average monthly wages ,Kyrgyzstan,Male,Administrative and support service activities,Local currency,12358.4
2018,Normal value,Units,Country Data,Annual,National,Average monthly wages ,Kyrgyzstan,Female,Administrative and support service activities,Local currency,10579.6
2018,Normal value,Units,Country Data,Annual,National,Average monthly wages ,Kyrgyzstan,Male,Administrative and support service activities,Local currency,13580.1
2019,Normal value,Units,Country Data,Annual,National,Average monthly wages ,Kyrgyzstan,Female,Administrative and support service activities,Local currency,11667.4
2019,Normal value,Units,Country Data,Annual,National,Average monthly wages ,Kyrgyzstan,Male,Administrative and support service activities,Local currency,13768.2
2011,Normal value,Units,Country Data,Annual,National,Average monthly wages ,Kyrgyzstan,Female,Public administration and defence; compulsory social security,Local currency,6571.7
2011,Normal value,Units,Country Data,Annual,National,Average monthly wages ,Kyrgyzstan,Male,Public administration and defence; compulsory social security,Local currency,9048.7
2012,Normal value,Units,Country Data,Annual,National,Average monthly wages ,Kyrgyzstan,Female,Public administration and defence; compulsory social security,Local currency,8196.1
2012,Normal value,Units,Country Data,Annual,National,Average monthly wages ,Kyrgyzstan,Male,Public administration and defence; compulsory social security,Local currency,10650.3
2013,Normal value,Units,Country Data,Annual,National,Average monthly wages ,Kyrgyzstan,Female,Public administration and defence; compulsory social security,Local currency,11594.3
2013,Normal value,Units,Country Data,Annual,National,Average monthly wages ,Kyrgyzstan,Male,Public administration and defence; compulsory social security,Local currency,13047.5
2014,Normal value,Units,Country Data,Annual,National,Average monthly wages ,Kyrgyzstan,Female,Public administration and defence; compulsory social security,Local currency,11765.2
2014,Normal value,Units,Country Data,Annual,National,Average monthly wages ,Kyrgyzstan,Male,Public administration and defence; compulsory social security,Local currency,14003.1
2015,Normal value,Units,Country Data,Annual,National,Average monthly wages ,Kyrgyzstan,Female,Public administration and defence; compulsory social security,Local currency,11975.8
2015,Normal value,Units,Country Data,Annual,National,Average monthly wages ,Kyrgyzstan,Male,Public administration and defence; compulsory social security,Local currency,14265.1
2016,Normal value,Units,Country Data,Annual,National,Average monthly wages ,Kyrgyzstan,Female,Public administration and defence; compulsory social security,Local currency,12925.8
2016,Normal value,Units,Country Data,Annual,National,Average monthly wages ,Kyrgyzstan,Male,Public administration and defence; compulsory social security,Local currency,15570.6
2017,Normal value,Units,Country Data,Annual,National,Average monthly wages ,Kyrgyzstan,Female,Public administration and defence; compulsory social security,Local currency,14505.9
2017,Normal value,Units,Country Data,Annual,National,Average monthly wages ,Kyrgyzstan,Male,Public administration and defence; compulsory social security,Local currency,17176.2
2018,Normal value,Units,Country Data,Annual,National,Average monthly wages ,Kyrgyzstan,Female,Public administration and defence; compulsory social security,Local currency,15652.5
2018,Normal value,Units,Country Data,Annual,National,Average monthly wages ,Kyrgyzstan,Male,Public administration and defence; compulsory social security,Local currency,18079.9
2019,Normal value,Units,Country Data,Annual,National,Average monthly wages ,Kyrgyzstan,Female,Public administration and defence; compulsory social security,Local currency,15487.8
2019,Normal value,Units,Country Data,Annual,National,Average monthly wages ,Kyrgyzstan,Male,Public administration and defence; compulsory social security,Local currency,17500.0
2011,Normal value,Units,Country Data,Annual,National,Average monthly wages ,Kyrgyzstan,Female,Education,Local currency,7361.5
2011,Normal value,Units,Country Data,Annual,National,Average monthly wages ,Kyrgyzstan,Male,Education,Local currency,8726.2
2012,Normal value,Units,Country Data,Annual,National,Average monthly wages ,Kyrgyzstan,Female,Education,Local currency,7317.6
2012,Normal value,Units,Country Data,Annual,National,Average monthly wages ,Kyrgyzstan,Male,Education,Local currency,8140.4
2013,Normal value,Units,Country Data,Annual,National,Average monthly wages ,Kyrgyzstan,Female,Education,Local currency,7214.6
2013,Normal value,Units,Country Data,Annual,National,Average monthly wages ,Kyrgyzstan,Male,Education,Local currency,8411.4
2014,Normal value,Units,Country Data,Annual,National,Average monthly wages ,Kyrgyzstan,Female,Education,Local currency,7681.8
2014,Normal value,Units,Country Data,Annual,National,Average monthly wages ,Kyrgyzstan,Male,Education,Local currency,8499.4
2015,Normal value,Units,Country Data,Annual,National,Average monthly wages ,Kyrgyzstan,Female,Education,Local currency,9970.8
2015,Normal value,Units,Country Data,Annual,National,Average monthly wages ,Kyrgyzstan,Male,Education,Local currency,10479.7
2016,Normal value,Units,Country Data,Annual,National,Average monthly wages ,Kyrgyzstan,Female,Education,Local currency,10536.7
2016,Normal value,Units,Country Data,Annual,National,Average monthly wages ,Kyrgyzstan,Male,Education,Local currency,10653.3
2017,Normal value,Units,Country Data,Annual,National,Average monthly wages ,Kyrgyzstan,Female,Education,Local currency,10748.5
2017,Normal value,Units,Country Data,Annual,National,Average monthly wages ,Kyrgyzstan,Male,Education,Local currency,11155.5
2018,Normal value,Units,Country Data,Annual,National,Average monthly wages ,Kyrgyzstan,Female,Education,Local currency,10691.4
2018,Normal value,Units,Country Data,Annual,National,Average monthly wages ,Kyrgyzstan,Male,Education,Local currency,11006.4
2019,Normal value,Units,Country Data,Annual,National,Average monthly wages ,Kyrgyzstan,Female,Education,Local currency,13319.0
2019,Normal value,Units,Country Data,Annual,National,Average monthly wages ,Kyrgyzstan,Male,Education,Local currency,13163.0
2011,Normal value,Units,Country Data,Annual,National,Average monthly wages ,Kyrgyzstan,Female,Human health and social work activities,Local currency,9256.1
2011,Normal value,Units,Country Data,Annual,National,Average monthly wages ,Kyrgyzstan,Male,Human health and social work activities,Local currency,9584.5
2012,Normal value,Units,Country Data,Annual,National,Average monthly wages ,Kyrgyzstan,Female,Human health and social work activities,Local currency,8892.0
2012,Normal value,Units,Country Data,Annual,National,Average monthly wages ,Kyrgyzstan,Male,Human health and social work activities,Local currency,9914.5
2013,Normal value,Units,Country Data,Annual,National,Average monthly wages ,Kyrgyzstan,Female,Human health and social work activities,Local currency,8994.9
2013,Normal value,Units,Country Data,Annual,National,Average monthly wages ,Kyrgyzstan,Male,Human health and social work activities,Local currency,8690.3
2014,Normal value,Units,Country Data,Annual,National,Average monthly wages ,Kyrgyzstan,Female,Human health and social work activities,Local currency,8966.5
2014,Normal value,Units,Country Data,Annual,National,Average monthly wages ,Kyrgyzstan,Male,Human health and social work activities,Local currency,9027.6
2015,Normal value,Units,Country Data,Annual,National,Average monthly wages ,Kyrgyzstan,Female,Human health and social work activities,Local currency,9394.4
2015,Normal value,Units,Country Data,Annual,National,Average monthly wages ,Kyrgyzstan,Male,Human health and social work activities,Local currency,9319.0
2016,Normal value,Units,Country Data,Annual,National,Average monthly wages ,Kyrgyzstan,Female,Human health and social work activities,Local currency,9771.3
2016,Normal value,Units,Country Data,Annual,National,Average monthly wages ,Kyrgyzstan,Male,Human health and social work activities,Local currency,9519.9
2017,Normal value,Units,Country Data,Annual,National,Average monthly wages ,Kyrgyzstan,Female,Human health and social work activities,Local currency,9927.4
2017,Normal value,Units,Country Data,Annual,National,Average monthly wages ,Kyrgyzstan,Male,Human health and social work activities,Local currency,9677.7
2018,Normal value,Units,Country Data,Annual,National,Average monthly wages ,Kyrgyzstan,Female,Human health and social work activities,Local currency,10481.8
2018,Normal value,Units,Country Data,Annual,National,Average monthly wages ,Kyrgyzstan,Male,Human health and social work activities,Local currency,9584.5
2019,Normal value,Units,Country Data,Annual,National,Average monthly wages ,Kyrgyzstan,Female,Human health and social work activities,Local currency,11152.8
2019,Normal value,Units,Country Data,Annual,National,Average monthly wages ,Kyrgyzstan,Male,Human health and social work activities,Local currency,10385.1
2011,Normal value,Units,Country Data,Annual,National,Average monthly wages ,Kyrgyzstan,Female,"Arts, entertainment and recreation",Local currency,6350.6
2011,Normal value,Units,Country Data,Annual,National,Average monthly wages ,Kyrgyzstan,Male,"Arts, entertainment and recreation",Local currency,7746.8
2012,Normal value,Units,Country Data,Annual,National,Average monthly wages ,Kyrgyzstan,Female,"Arts, entertainment and recreation",Local currency,6399.4
2012,Normal value,Units,Country Data,Annual,National,Average monthly wages ,Kyrgyzstan,Male,"Arts, entertainment and recreation",Local currency,6702.8
2013,Normal value,Units,Country Data,Annual,National,Average monthly wages ,Kyrgyzstan,Female,"Arts, entertainment and recreation",Local currency,7565.3
2013,Normal value,Units,Country Data,Annual,National,Average monthly wages ,Kyrgyzstan,Male,"Arts, entertainment and recreation",Local currency,8250.6
2014,Normal value,Units,Country Data,Annual,National,Average monthly wages ,Kyrgyzstan,Female,"Arts, entertainment and recreation",Local currency,7696.6
2014,Normal value,Units,Country Data,Annual,National,Average monthly wages ,Kyrgyzstan,Male,"Arts, entertainment and recreation",Local currency,8975.0
2015,Normal value,Units,Country Data,Annual,National,Average monthly wages ,Kyrgyzstan,Female,"Arts, entertainment and recreation",Local currency,8553.4
2015,Normal value,Units,Country Data,Annual,National,Average monthly wages ,Kyrgyzstan,Male,"Arts, entertainment and recreation",Local currency,9292.3
2016,Normal value,Units,Country Data,Annual,National,Average monthly wages ,Kyrgyzstan,Female,"Arts, entertainment and recreation",Local currency,8752.3
2016,Normal value,Units,Country Data,Annual,National,Average monthly wages ,Kyrgyzstan,Male,"Arts, entertainment and recreation",Local currency,8221.4
2017,Normal value,Units,Country Data,Annual,National,Average monthly wages ,Kyrgyzstan,Female,"Arts, entertainment and recreation",Local currency,8451.0
2017,Normal value,Units,Country Data,Annual,National,Average monthly wages ,Kyrgyzstan,Male,"Arts, entertainment and recreation",Local currency,8179.0
2018,Normal value,Units,Country Data,Annual,National,Average monthly wages ,Kyrgyzstan,Female,"Arts, entertainment and recreation",Local currency,8799.2
2018,Normal value,Units,Country Data,Annual,National,Average monthly wages ,Kyrgyzstan,Male,"Arts, entertainment and recreation",Local currency,8061.2
2019,Normal value,Units,Country Data,Annual,National,Average monthly wages ,Kyrgyzstan,Female,"Arts, entertainment and recreation",Local currency,8886.7
2019,Normal value,Units,Country Data,Annual,National,Average monthly wages ,Kyrgyzstan,Male,"Arts, entertainment and recreation",Local currency,8964.4
2011,Normal value,Units,Country Data,Annual,National,Average monthly wages ,Kyrgyzstan,Female,Other service activities,Local currency,8458.9
2011,Normal value,Units,Country Data,Annual,National,Average monthly wages ,Kyrgyzstan,Male,Other service activities,Local currency,8192.8
2012,Normal value,Units,Country Data,Annual,National,Average monthly wages ,Kyrgyzstan,Female,Other service activities,Local currency,8608.0
2012,Normal value,Units,Country Data,Annual,National,Average monthly wages ,Kyrgyzstan,Male,Other service activities,Local currency,8232.4
2013,Normal value,Units,Country Data,Annual,National,Average monthly wages ,Kyrgyzstan,Female,Other service activities,Local currency,9771.5
2013,Normal value,Units,Country Data,Annual,National,Average monthly wages ,Kyrgyzstan,Male,Other service activities,Local currency,9269.2
2014,Normal value,Units,Country Data,Annual,National,Average monthly wages ,Kyrgyzstan,Female,Other service activities,Local currency,11030.5
2014,Normal value,Units,Country Data,Annual,National,Average monthly wages ,Kyrgyzstan,Male,Other service activities,Local currency,10565.2
2015,Normal value,Units,Country Data,Annual,National,Average monthly wages ,Kyrgyzstan,Female,Other service activities,Local currency,12707.0
2015,Normal value,Units,Country Data,Annual,National,Average monthly wages ,Kyrgyzstan,Male,Other service activities,Local currency,12664.0
2016,Normal value,Units,Country Data,Annual,National,Average monthly wages ,Kyrgyzstan,Female,Other service activities,Local currency,15307.4
2016,Normal value,Units,Country Data,Annual,National,Average monthly wages ,Kyrgyzstan,Male,Other service activities,Local currency,14474.7
2017,Normal value,Units,Country Data,Annual,National,Average monthly wages ,Kyrgyzstan,Female,Other service activities,Local currency,18606.6
2017,Normal value,Units,Country Data,Annual,National,Average monthly wages ,Kyrgyzstan,Male,Other service activities,Local currency,19061.7
2018,Normal value,Units,Country Data,Annual,National,Average monthly wages ,Kyrgyzstan,Female,Other service activities,Local currency,17807.6
2018,Normal value,Units,Country Data,Annual,National,Average monthly wages ,Kyrgyzstan,Male,Other service activities,Local currency,11649.5
2019,Normal value,Units,Country Data,Annual,National,Average monthly wages ,Kyrgyzstan,Female,Other service activities,Local currency,18437.1
2019,Normal value,Units,Country Data,Annual,National,Average monthly wages ,Kyrgyzstan,Male,Other service activities,Local currency,12252.4
