Year,Observation status,Unit multiplier,Nature of data points,Source details,Frequency of observation,Reporting type,SERIES,Reference area,Sex,Age,Degree of urbanisation,Income or wealth quantile,Education level,COMPOSITE_BREAKDOWN,Disability status,UNIT_MEASURE,Value
2018,Normal value,Units,Country Data,"According to Multiple Indicator Cluster Survey, 2018",Annual,National,Proportion of children engaged in economic activity and household chores,Kyrgyzstan,,,,,,,,Percent,26.7
2018,Normal value,Units,Country Data,"According to Multiple Indicator Cluster Survey, 2018",Annual,National,Proportion of children engaged in economic activity and household chores,Kyrgyzstan,Male,,,,,,,Percent,33.6
2018,Normal value,Units,Country Data,"According to Multiple Indicator Cluster Survey, 2018",Annual,National,Proportion of children engaged in economic activity and household chores,Kyrgyzstan,Female,,,,,,,Percent,19.0
2018,Normal value,Units,Country Data,"According to Multiple Indicator Cluster Survey, 2018",Annual,National,Proportion of children engaged in economic activity and household chores,Kyrgyzstan,,,Urban,,,,,Percent,11.9
2018,Normal value,Units,Country Data,"According to Multiple Indicator Cluster Survey, 2018",Annual,National,Proportion of children engaged in economic activity and household chores,Kyrgyzstan,,,Rural,,,,,Percent,33.6
2018,Normal value,Units,Country Data,"According to Multiple Indicator Cluster Survey, 2018",Annual,National,Proportion of children engaged in economic activity and household chores,Batken,,,,,,,,Percent,27.7
2018,Normal value,Units,Country Data,"According to Multiple Indicator Cluster Survey, 2018",Annual,National,Proportion of children engaged in economic activity and household chores,Jalal-Abad,,,,,,,,Percent,34.0
2018,Normal value,Units,Country Data,"According to Multiple Indicator Cluster Survey, 2018",Annual,National,Proportion of children engaged in economic activity and household chores,Issyk-Kul,,,,,,,,Percent,27.0
2018,Normal value,Units,Country Data,"According to Multiple Indicator Cluster Survey, 2018",Annual,National,Proportion of children engaged in economic activity and household chores,Naryn,,,,,,,,Percent,40.5
2018,Normal value,Units,Country Data,"According to Multiple Indicator Cluster Survey, 2018",Annual,National,Proportion of children engaged in economic activity and household chores,Osh,,,,,,,,Percent,33.3
2018,Normal value,Units,Country Data,"According to Multiple Indicator Cluster Survey, 2018",Annual,National,Proportion of children engaged in economic activity and household chores,Talas,,,,,,,,Percent,35.1
2018,Normal value,Units,Country Data,"According to Multiple Indicator Cluster Survey, 2018",Annual,National,Proportion of children engaged in economic activity and household chores,Chui,,,,,,,,Percent,24.5
2018,Normal value,Units,Country Data,"According to Multiple Indicator Cluster Survey, 2018",Annual,National,Proportion of children engaged in economic activity and household chores,Bishkek (city),,,,,,,,Percent,7.3
2018,Normal value,Units,Country Data,"According to Multiple Indicator Cluster Survey, 2018",Annual,National,Proportion of children engaged in economic activity and household chores,Osh (city),,,,,,,,Percent,6.1
2018,Normal value,Units,Country Data,"According to Multiple Indicator Cluster Survey, 2018",Annual,National,Proportion of children engaged in economic activity and household chores,Kyrgyzstan,,5 to 11 years old,,,,,,Percent,27.9
2018,Normal value,Units,Country Data,"According to Multiple Indicator Cluster Survey, 2018",Annual,National,Proportion of children engaged in economic activity and household chores,Kyrgyzstan,,12 to 14 years old,,,,,,Percent,23.3
2018,Normal value,Units,Country Data,"According to Multiple Indicator Cluster Survey, 2018",Annual,National,Proportion of children engaged in economic activity and household chores,Kyrgyzstan,,15 to 17 years old,,,,,,Percent,26.6
2018,Normal value,Units,Country Data,"According to Multiple Indicator Cluster Survey, 2018",Annual,National,Proportion of children engaged in economic activity and household chores,Kyrgyzstan,,,,,,School attendance: Attends,,Percent,27.0
2018,Normal value,Units,Country Data,"According to Multiple Indicator Cluster Survey, 2018",Annual,National,Proportion of children engaged in economic activity and household chores,Kyrgyzstan,,,,,,School attendance: Not attends,,Percent,21.6
2018,Normal value,Units,Country Data,"According to Multiple Indicator Cluster Survey, 2018",Annual,National,Proportion of children engaged in economic activity and household chores,Kyrgyzstan,,,,,Primary education,,,Percent,33.0
2018,Normal value,Units,Country Data,"According to Multiple Indicator Cluster Survey, 2018",Annual,National,Proportion of children engaged in economic activity and household chores,Kyrgyzstan,,,,,Lower secondary education,,,Percent,28.7
2018,Normal value,Units,Country Data,"According to Multiple Indicator Cluster Survey, 2018",Annual,National,Proportion of children engaged in economic activity and household chores,Kyrgyzstan,,,,,Upper secondary education,,,Percent,29.2
2018,Normal value,Units,Country Data,"According to Multiple Indicator Cluster Survey, 2018",Annual,National,Proportion of children engaged in economic activity and household chores,Kyrgyzstan,,,,,Post-secondary non-tertiary education,,,Percent,24.4
2018,Normal value,Units,Country Data,"According to Multiple Indicator Cluster Survey, 2018",Annual,National,Proportion of children engaged in economic activity and household chores,Kyrgyzstan,,,,,Tertiary education (Bachelor’s and Master's or equivalent),,,Percent,23.1
2018,Normal value,Units,Country Data,"According to Multiple Indicator Cluster Survey, 2018",Annual,National,Proportion of children engaged in economic activity and household chores,Kyrgyzstan,,,,,,,Child with disability,Percent,34.9
2018,Normal value,Units,Country Data,"According to Multiple Indicator Cluster Survey, 2018",Annual,National,Proportion of children engaged in economic activity and household chores,Kyrgyzstan,,,,,,,Child without disability,Percent,25.9
2018,Normal value,Units,Country Data,"According to Multiple Indicator Cluster Survey, 2018",Annual,National,Proportion of children engaged in economic activity and household chores,Kyrgyzstan,,,,Quintile 1 (poorest),,,,Percent,32.1
2018,Normal value,Units,Country Data,"According to Multiple Indicator Cluster Survey, 2018",Annual,National,Proportion of children engaged in economic activity and household chores,Kyrgyzstan,,,,Quintile 2,,,,Percent,30.6
2018,Normal value,Units,Country Data,"According to Multiple Indicator Cluster Survey, 2018",Annual,National,Proportion of children engaged in economic activity and household chores,Kyrgyzstan,,,,Quintile 3,,,,Percent,31.8
2018,Normal value,Units,Country Data,"According to Multiple Indicator Cluster Survey, 2018",Annual,National,Proportion of children engaged in economic activity and household chores,Kyrgyzstan,,,,Quintile 4,,,,Percent,28.0
2018,Normal value,Units,Country Data,"According to Multiple Indicator Cluster Survey, 2018",Annual,National,Proportion of children engaged in economic activity and household chores,Kyrgyzstan,,,,Quintile 5 (richest),,,,Percent,6.1
