Year,OBS_STATUS,UNIT_MULT,NATURE,FREQ,REPORTING_TYPE,SERIES,REF_AREA,SEX,UNIT_MEASURE,Value
2007,A,0,C,A,N,SH_HAP_HBSAG,KG,,PER_100000_POP,12.090992
2008,A,0,C,A,N,SH_HAP_HBSAG,KG,,PER_100000_POP,10.585236
2009,A,0,C,A,N,SH_HAP_HBSAG,KG,,PER_100000_POP,10.866987
2010,A,0,C,A,N,SH_HAP_HBSAG,KG,,PER_100000_POP,9.159392
2011,A,0,C,A,N,SH_HAP_HBSAG,KG,,PER_100000_POP,9.955113
2012,A,0,C,A,N,SH_HAP_HBSAG,KG,,PER_100000_POP,10.075772
2013,A,0,C,A,N,SH_HAP_HBSAG,KG,,PER_100000_POP,8.0
2014,A,0,C,A,N,SH_HAP_HBSAG,KG,,PER_100000_POP,7.5
2015,A,0,C,A,N,SH_HAP_HBSAG,KG,,PER_100000_POP,5.9
2016,A,0,C,A,N,SH_HAP_HBSAG,KG,,PER_100000_POP,6.0
2017,A,0,C,A,N,SH_HAP_HBSAG,KG,,PER_100000_POP,5.3
2018,A,0,C,A,N,SH_HAP_HBSAG,KG,,PER_100000_POP,5.139872
2019,A,0,C,A,N,SH_HAP_HBSAG,KG,,PER_100000_POP,3.918523
2007,A,0,C,A,N,SH_HAP_HBSAG,KG,F,PER_100000_POP,10.26386
2008,A,0,C,A,N,SH_HAP_HBSAG,KG,F,PER_100000_POP,8.088592
2009,A,0,C,A,N,SH_HAP_HBSAG,KG,F,PER_100000_POP,7.22507
2010,A,0,C,A,N,SH_HAP_HBSAG,KG,F,PER_100000_POP,6.597241
2011,A,0,C,A,N,SH_HAP_HBSAG,KG,F,PER_100000_POP,7.700463
2012,A,0,C,A,N,SH_HAP_HBSAG,KG,F,PER_100000_POP,7.084345
2013,A,0,C,A,N,SH_HAP_HBSAG,KG,F,PER_100000_POP,6.4
2014,A,0,C,A,N,SH_HAP_HBSAG,KG,F,PER_100000_POP,5.5
2015,A,0,C,A,N,SH_HAP_HBSAG,KG,F,PER_100000_POP,4.2
2016,A,0,C,A,N,SH_HAP_HBSAG,KG,F,PER_100000_POP,4.5
2017,A,0,C,A,N,SH_HAP_HBSAG,KG,F,PER_100000_POP,4.3
2018,A,0,C,A,N,SH_HAP_HBSAG,KG,F,PER_100000_POP,3.54522
2019,A,0,C,A,N,SH_HAP_HBSAG,KG,F,PER_100000_POP,2.520831
2007,A,0,C,A,N,SH_HAP_HBSAG,KG,M,PER_100000_POP,13.967856
2008,A,0,C,A,N,SH_HAP_HBSAG,KG,M,PER_100000_POP,13.149996
2009,A,0,C,A,N,SH_HAP_HBSAG,KG,M,PER_100000_POP,14.604805
2010,A,0,C,A,N,SH_HAP_HBSAG,KG,M,PER_100000_POP,11.787756
2011,A,0,C,A,N,SH_HAP_HBSAG,KG,M,PER_100000_POP,12.267172
2012,A,0,C,A,N,SH_HAP_HBSAG,KG,M,PER_100000_POP,13.139518
2013,A,0,C,A,N,SH_HAP_HBSAG,KG,M,PER_100000_POP,9.5
2014,A,0,C,A,N,SH_HAP_HBSAG,KG,M,PER_100000_POP,9.5
2015,A,0,C,A,N,SH_HAP_HBSAG,KG,M,PER_100000_POP,7.5
2016,A,0,C,A,N,SH_HAP_HBSAG,KG,M,PER_100000_POP,7.5
2017,A,0,C,A,N,SH_HAP_HBSAG,KG,M,PER_100000_POP,6.2
2018,A,0,C,A,N,SH_HAP_HBSAG,KG,M,PER_100000_POP,6.760797
2019,A,0,C,A,N,SH_HAP_HBSAG,KG,M,PER_100000_POP,5.337712
2007,A,0,C,A,N,SH_HAP_HBSAG,KG05,,PER_100000_POP,20.180533
2008,A,0,C,A,N,SH_HAP_HBSAG,KG05,,PER_100000_POP,20.012808
2009,A,0,C,A,N,SH_HAP_HBSAG,KG05,,PER_100000_POP,11.615832
2010,A,0,C,A,N,SH_HAP_HBSAG,KG05,,PER_100000_POP,4.57193
2011,A,0,C,A,N,SH_HAP_HBSAG,KG05,,PER_100000_POP,11.68605
2012,A,0,C,A,N,SH_HAP_HBSAG,KG05,,PER_100000_POP,8.592769
2013,A,0,C,A,N,SH_HAP_HBSAG,KG05,,PER_100000_POP,7.1
2014,A,0,C,A,N,SH_HAP_HBSAG,KG05,,PER_100000_POP,5.7
2015,A,0,C,A,N,SH_HAP_HBSAG,KG05,,PER_100000_POP,4.9
2016,A,0,C,A,N,SH_HAP_HBSAG,KG05,,PER_100000_POP,8.6
2017,A,0,C,A,N,SH_HAP_HBSAG,KG05,,PER_100000_POP,2.6
2018,A,0,C,A,N,SH_HAP_HBSAG,KG05,,PER_100000_POP,3.080721
2019,A,0,C,A,N,SH_HAP_HBSAG,KG05,,PER_100000_POP,4.894164
2007,A,0,C,A,N,SH_HAP_HBSAG,KG05,F,PER_100000_POP,18.345435
2008,A,0,C,A,N,SH_HAP_HBSAG,KG05,F,PER_100000_POP,17.247244
2009,A,0,C,A,N,SH_HAP_HBSAG,KG05,F,PER_100000_POP,9.457249
2010,A,0,C,A,N,SH_HAP_HBSAG,KG05,F,PER_100000_POP,3.253393
2011,A,0,C,A,N,SH_HAP_HBSAG,KG05,F,PER_100000_POP,8.215202
2012,A,0,C,A,N,SH_HAP_HBSAG,KG05,F,PER_100000_POP,6.264963
2013,A,0,C,A,N,SH_HAP_HBSAG,KG05,F,PER_100000_POP,7.0
2014,A,0,C,A,N,SH_HAP_HBSAG,KG05,F,PER_100000_POP,5.1
2015,A,0,C,A,N,SH_HAP_HBSAG,KG05,F,PER_100000_POP,4.2
2016,A,0,C,A,N,SH_HAP_HBSAG,KG05,F,PER_100000_POP,9.0
2017,A,0,C,A,N,SH_HAP_HBSAG,KG05,F,PER_100000_POP,2.8
2018,A,0,C,A,N,SH_HAP_HBSAG,KG05,F,PER_100000_POP,2.746401
2019,A,0,C,A,N,SH_HAP_HBSAG,KG05,F,PER_100000_POP,2.302335
2007,A,0,C,A,N,SH_HAP_HBSAG,KG05,M,PER_100000_POP,21.956256
2008,A,0,C,A,N,SH_HAP_HBSAG,KG05,M,PER_100000_POP,22.68529
2009,A,0,C,A,N,SH_HAP_HBSAG,KG05,M,PER_100000_POP,13.700569
2010,A,0,C,A,N,SH_HAP_HBSAG,KG05,M,PER_100000_POP,5.848164
2011,A,0,C,A,N,SH_HAP_HBSAG,KG05,M,PER_100000_POP,15.052973
2012,A,0,C,A,N,SH_HAP_HBSAG,KG05,M,PER_100000_POP,10.850459
2013,A,0,C,A,N,SH_HAP_HBSAG,KG05,M,PER_100000_POP,7.2
2014,A,0,C,A,N,SH_HAP_HBSAG,KG05,M,PER_100000_POP,6.2
2015,A,0,C,A,N,SH_HAP_HBSAG,KG05,M,PER_100000_POP,5.7
2016,A,0,C,A,N,SH_HAP_HBSAG,KG05,M,PER_100000_POP,8.3
2017,A,0,C,A,N,SH_HAP_HBSAG,KG05,M,PER_100000_POP,2.3
2018,A,0,C,A,N,SH_HAP_HBSAG,KG05,M,PER_100000_POP,3.402904
2019,A,0,C,A,N,SH_HAP_HBSAG,KG05,M,PER_100000_POP,7.389891
2007,A,0,C,A,N,SH_HAP_HBSAG,KG03,,PER_100000_POP,5.870303
2008,A,0,C,A,N,SH_HAP_HBSAG,KG03,,PER_100000_POP,6.4034
2009,A,0,C,A,N,SH_HAP_HBSAG,KG03,,PER_100000_POP,6.305723
2010,A,0,C,A,N,SH_HAP_HBSAG,KG03,,PER_100000_POP,5.922974
2011,A,0,C,A,N,SH_HAP_HBSAG,KG03,,PER_100000_POP,4.782698
2012,A,0,C,A,N,SH_HAP_HBSAG,KG03,,PER_100000_POP,8.916337
2013,A,0,C,A,N,SH_HAP_HBSAG,KG03,,PER_100000_POP,7.2
2014,A,0,C,A,N,SH_HAP_HBSAG,KG03,,PER_100000_POP,5.8
2015,A,0,C,A,N,SH_HAP_HBSAG,KG03,,PER_100000_POP,4.4
2016,A,0,C,A,N,SH_HAP_HBSAG,KG03,,PER_100000_POP,2.6
2017,A,0,C,A,N,SH_HAP_HBSAG,KG03,,PER_100000_POP,3.3
2018,A,0,C,A,N,SH_HAP_HBSAG,KG03,,PER_100000_POP,2.661109
2019,A,0,C,A,N,SH_HAP_HBSAG,KG03,,PER_100000_POP,3.179541
2007,A,0,C,A,N,SH_HAP_HBSAG,KG03,F,PER_100000_POP,4.656511
2008,A,0,C,A,N,SH_HAP_HBSAG,KG03,F,PER_100000_POP,4.604632
2009,A,0,C,A,N,SH_HAP_HBSAG,KG03,F,PER_100000_POP,5.719538
2010,A,0,C,A,N,SH_HAP_HBSAG,KG03,F,PER_100000_POP,4.08245
2011,A,0,C,A,N,SH_HAP_HBSAG,KG03,F,PER_100000_POP,4.788933
2012,A,0,C,A,N,SH_HAP_HBSAG,KG03,F,PER_100000_POP,7.898627
2013,A,0,C,A,N,SH_HAP_HBSAG,KG03,F,PER_100000_POP,6.6
2014,A,0,C,A,N,SH_HAP_HBSAG,KG03,F,PER_100000_POP,3.3
2015,A,0,C,A,N,SH_HAP_HBSAG,KG03,F,PER_100000_POP,3.5
2016,A,0,C,A,N,SH_HAP_HBSAG,KG03,F,PER_100000_POP,2.4
2017,A,0,C,A,N,SH_HAP_HBSAG,KG03,F,PER_100000_POP,2.7
2018,A,0,C,A,N,SH_HAP_HBSAG,KG03,F,PER_100000_POP,1.673357
2019,A,0,C,A,N,SH_HAP_HBSAG,KG03,F,PER_100000_POP,2.297402
2007,A,0,C,A,N,SH_HAP_HBSAG,KG03,M,PER_100000_POP,7.083701
2008,A,0,C,A,N,SH_HAP_HBSAG,KG03,M,PER_100000_POP,8.200459
2009,A,0,C,A,N,SH_HAP_HBSAG,KG03,M,PER_100000_POP,6.89089
2010,A,0,C,A,N,SH_HAP_HBSAG,KG03,M,PER_100000_POP,7.759592
2011,A,0,C,A,N,SH_HAP_HBSAG,KG03,M,PER_100000_POP,4.77648
2012,A,0,C,A,N,SH_HAP_HBSAG,KG03,M,PER_100000_POP,9.930263
2013,A,0,C,A,N,SH_HAP_HBSAG,KG03,M,PER_100000_POP,7.7
2014,A,0,C,A,N,SH_HAP_HBSAG,KG03,M,PER_100000_POP,8.3
2015,A,0,C,A,N,SH_HAP_HBSAG,KG03,M,PER_100000_POP,5.3
2016,A,0,C,A,N,SH_HAP_HBSAG,KG03,M,PER_100000_POP,2.8
2017,A,0,C,A,N,SH_HAP_HBSAG,KG03,M,PER_100000_POP,3.9
2018,A,0,C,A,N,SH_HAP_HBSAG,KG03,M,PER_100000_POP,3.636935
2019,A,0,C,A,N,SH_HAP_HBSAG,KG03,M,PER_100000_POP,4.050498
2007,A,0,C,A,N,SH_HAP_HBSAG,KG02,,PER_100000_POP,10.136497
2008,A,0,C,A,N,SH_HAP_HBSAG,KG02,,PER_100000_POP,7.333378
2009,A,0,C,A,N,SH_HAP_HBSAG,KG02,,PER_100000_POP,9.101396
2010,A,0,C,A,N,SH_HAP_HBSAG,KG02,,PER_100000_POP,9.25673
2011,A,0,C,A,N,SH_HAP_HBSAG,KG02,,PER_100000_POP,10.980097
2012,A,0,C,A,N,SH_HAP_HBSAG,KG02,,PER_100000_POP,8.209561
2013,A,0,C,A,N,SH_HAP_HBSAG,KG02,,PER_100000_POP,9.9
2014,A,0,C,A,N,SH_HAP_HBSAG,KG02,,PER_100000_POP,6.9
2015,A,0,C,A,N,SH_HAP_HBSAG,KG02,,PER_100000_POP,5.4
2016,A,0,C,A,N,SH_HAP_HBSAG,KG02,,PER_100000_POP,4.4
2017,A,0,C,A,N,SH_HAP_HBSAG,KG02,,PER_100000_POP,4.6
2018,A,0,C,A,N,SH_HAP_HBSAG,KG02,,PER_100000_POP,6.168093
2019,A,0,C,A,N,SH_HAP_HBSAG,KG02,,PER_100000_POP,2.231658
2007,A,0,C,A,N,SH_HAP_HBSAG,KG02,F,PER_100000_POP,6.813722
2008,A,0,C,A,N,SH_HAP_HBSAG,KG02,F,PER_100000_POP,5.881022
2009,A,0,C,A,N,SH_HAP_HBSAG,KG02,F,PER_100000_POP,5.848427
2010,A,0,C,A,N,SH_HAP_HBSAG,KG02,F,PER_100000_POP,4.917674
2011,A,0,C,A,N,SH_HAP_HBSAG,KG02,F,PER_100000_POP,7.995523
2012,A,0,C,A,N,SH_HAP_HBSAG,KG02,F,PER_100000_POP,7.042811
2013,A,0,C,A,N,SH_HAP_HBSAG,KG02,F,PER_100000_POP,6.5
2014,A,0,C,A,N,SH_HAP_HBSAG,KG02,F,PER_100000_POP,5.2
2015,A,0,C,A,N,SH_HAP_HBSAG,KG02,F,PER_100000_POP,4.7
2016,A,0,C,A,N,SH_HAP_HBSAG,KG02,F,PER_100000_POP,2.5
2017,A,0,C,A,N,SH_HAP_HBSAG,KG02,F,PER_100000_POP,5.4
2018,A,0,C,A,N,SH_HAP_HBSAG,KG02,F,PER_100000_POP,2.86608
2019,A,0,C,A,N,SH_HAP_HBSAG,KG02,F,PER_100000_POP,2.020684
2007,A,0,C,A,N,SH_HAP_HBSAG,KG02,M,PER_100000_POP,13.555773
2008,A,0,C,A,N,SH_HAP_HBSAG,KG02,M,PER_100000_POP,8.824445
2009,A,0,C,A,N,SH_HAP_HBSAG,KG02,M,PER_100000_POP,12.43031
2010,A,0,C,A,N,SH_HAP_HBSAG,KG02,M,PER_100000_POP,13.683759
2011,A,0,C,A,N,SH_HAP_HBSAG,KG02,M,PER_100000_POP,14.018523
2012,A,0,C,A,N,SH_HAP_HBSAG,KG02,M,PER_100000_POP,9.395469
2013,A,0,C,A,N,SH_HAP_HBSAG,KG02,M,PER_100000_POP,13.3
2014,A,0,C,A,N,SH_HAP_HBSAG,KG02,M,PER_100000_POP,8.7
2015,A,0,C,A,N,SH_HAP_HBSAG,KG02,M,PER_100000_POP,6.0
2016,A,0,C,A,N,SH_HAP_HBSAG,KG02,M,PER_100000_POP,6.4
2017,A,0,C,A,N,SH_HAP_HBSAG,KG02,M,PER_100000_POP,3.8
2018,A,0,C,A,N,SH_HAP_HBSAG,KG02,M,PER_100000_POP,9.498716
2019,A,0,C,A,N,SH_HAP_HBSAG,KG02,M,PER_100000_POP,2.44433
2007,A,0,C,A,N,SH_HAP_HBSAG,KG04,,PER_100000_POP,12.055783
2008,A,0,C,A,N,SH_HAP_HBSAG,KG04,,PER_100000_POP,7.000704
2009,A,0,C,A,N,SH_HAP_HBSAG,KG04,,PER_100000_POP,11.614177
2010,A,0,C,A,N,SH_HAP_HBSAG,KG04,,PER_100000_POP,7.669976
2011,A,0,C,A,N,SH_HAP_HBSAG,KG04,,PER_100000_POP,11.003939
2012,A,0,C,A,N,SH_HAP_HBSAG,KG04,,PER_100000_POP,6.753639
2013,A,0,C,A,N,SH_HAP_HBSAG,KG04,,PER_100000_POP,6.7
2014,A,0,C,A,N,SH_HAP_HBSAG,KG04,,PER_100000_POP,4.4
2015,A,0,C,A,N,SH_HAP_HBSAG,KG04,,PER_100000_POP,2.2
2016,A,0,C,A,N,SH_HAP_HBSAG,KG04,,PER_100000_POP,4.3
2017,A,0,C,A,N,SH_HAP_HBSAG,KG04,,PER_100000_POP,2.8
2018,A,0,C,A,N,SH_HAP_HBSAG,KG04,,PER_100000_POP,3.152773
2019,A,0,C,A,N,SH_HAP_HBSAG,KG04,,PER_100000_POP,1.734094
2007,A,0,C,A,N,SH_HAP_HBSAG,KG04,F,PER_100000_POP,10.98996
2008,A,0,C,A,N,SH_HAP_HBSAG,KG04,F,PER_100000_POP,7.071469
2009,A,0,C,A,N,SH_HAP_HBSAG,KG04,F,PER_100000_POP,3.916684
2010,A,0,C,A,N,SH_HAP_HBSAG,KG04,F,PER_100000_POP,4.66128
2011,A,0,C,A,N,SH_HAP_HBSAG,KG04,F,PER_100000_POP,9.231337
2012,A,0,C,A,N,SH_HAP_HBSAG,KG04,F,PER_100000_POP,5.330531
2013,A,0,C,A,N,SH_HAP_HBSAG,KG04,F,PER_100000_POP,4.5
2014,A,0,C,A,N,SH_HAP_HBSAG,KG04,F,PER_100000_POP,2.2
2015,A,0,C,A,N,SH_HAP_HBSAG,KG04,F,PER_100000_POP,1.5
2016,A,0,C,A,N,SH_HAP_HBSAG,KG04,F,PER_100000_POP,1.5
2017,A,0,C,A,N,SH_HAP_HBSAG,KG04,F,PER_100000_POP,3.6
2018,A,0,C,A,N,SH_HAP_HBSAG,KG04,F,PER_100000_POP,2.853067
2019,A,0,C,A,N,SH_HAP_HBSAG,KG04,F,PER_100000_POP,1.412819
2007,A,0,C,A,N,SH_HAP_HBSAG,KG04,M,PER_100000_POP,13.10222
2008,A,0,C,A,N,SH_HAP_HBSAG,KG04,M,PER_100000_POP,6.931341
2009,A,0,C,A,N,SH_HAP_HBSAG,KG04,M,PER_100000_POP,19.13568
2010,A,0,C,A,N,SH_HAP_HBSAG,KG04,M,PER_100000_POP,10.603089
2011,A,0,C,A,N,SH_HAP_HBSAG,KG04,M,PER_100000_POP,12.729315
2012,A,0,C,A,N,SH_HAP_HBSAG,KG04,M,PER_100000_POP,8.135854
2013,A,0,C,A,N,SH_HAP_HBSAG,KG04,M,PER_100000_POP,8.8
2014,A,0,C,A,N,SH_HAP_HBSAG,KG04,M,PER_100000_POP,6.5
2015,A,0,C,A,N,SH_HAP_HBSAG,KG04,M,PER_100000_POP,2.9
2016,A,0,C,A,N,SH_HAP_HBSAG,KG04,M,PER_100000_POP,7.1
2017,A,0,C,A,N,SH_HAP_HBSAG,KG04,M,PER_100000_POP,2.1
2018,A,0,C,A,N,SH_HAP_HBSAG,KG04,M,PER_100000_POP,3.442033
2019,A,0,C,A,N,SH_HAP_HBSAG,KG04,M,PER_100000_POP,2.043959
2007,A,0,C,A,N,SH_HAP_HBSAG,KG06,,PER_100000_POP,3.797045
2008,A,0,C,A,N,SH_HAP_HBSAG,KG06,,PER_100000_POP,4.117327
2009,A,0,C,A,N,SH_HAP_HBSAG,KG06,,PER_100000_POP,7.48076
2010,A,0,C,A,N,SH_HAP_HBSAG,KG06,,PER_100000_POP,8.360245
2011,A,0,C,A,N,SH_HAP_HBSAG,KG06,,PER_100000_POP,6.407336
2012,A,0,C,A,N,SH_HAP_HBSAG,KG06,,PER_100000_POP,4.222387
2013,A,0,C,A,N,SH_HAP_HBSAG,KG06,,PER_100000_POP,5.1
2014,A,0,C,A,N,SH_HAP_HBSAG,KG06,,PER_100000_POP,6.3
2015,A,0,C,A,N,SH_HAP_HBSAG,KG06,,PER_100000_POP,3.5
2016,A,0,C,A,N,SH_HAP_HBSAG,KG06,,PER_100000_POP,4.6
2017,A,0,C,A,N,SH_HAP_HBSAG,KG06,,PER_100000_POP,5.9
2018,A,0,C,A,N,SH_HAP_HBSAG,KG06,,PER_100000_POP,4.442955
2019,A,0,C,A,N,SH_HAP_HBSAG,KG06,,PER_100000_POP,3.763954
2007,A,0,C,A,N,SH_HAP_HBSAG,KG06,F,PER_100000_POP,3.920595
2008,A,0,C,A,N,SH_HAP_HBSAG,KG06,F,PER_100000_POP,3.504507
2009,A,0,C,A,N,SH_HAP_HBSAG,KG06,F,PER_100000_POP,5.269824
2010,A,0,C,A,N,SH_HAP_HBSAG,KG06,F,PER_100000_POP,6.451682
2011,A,0,C,A,N,SH_HAP_HBSAG,KG06,F,PER_100000_POP,5.833243
2012,A,0,C,A,N,SH_HAP_HBSAG,KG06,F,PER_100000_POP,3.298262
2013,A,0,C,A,N,SH_HAP_HBSAG,KG06,F,PER_100000_POP,4.6
2014,A,0,C,A,N,SH_HAP_HBSAG,KG06,F,PER_100000_POP,5.0
2015,A,0,C,A,N,SH_HAP_HBSAG,KG06,F,PER_100000_POP,2.6
2016,A,0,C,A,N,SH_HAP_HBSAG,KG06,F,PER_100000_POP,2.4
2017,A,0,C,A,N,SH_HAP_HBSAG,KG06,F,PER_100000_POP,5.3
2018,A,0,C,A,N,SH_HAP_HBSAG,KG06,F,PER_100000_POP,3.043862
2019,A,0,C,A,N,SH_HAP_HBSAG,KG06,F,PER_100000_POP,2.238799
2007,A,0,C,A,N,SH_HAP_HBSAG,KG06,M,PER_100000_POP,3.67543
2008,A,0,C,A,N,SH_HAP_HBSAG,KG06,M,PER_100000_POP,4.720552
2009,A,0,C,A,N,SH_HAP_HBSAG,KG06,M,PER_100000_POP,9.65648
2010,A,0,C,A,N,SH_HAP_HBSAG,KG06,M,PER_100000_POP,10.240565
2011,A,0,C,A,N,SH_HAP_HBSAG,KG06,M,PER_100000_POP,6.973549
2012,A,0,C,A,N,SH_HAP_HBSAG,KG06,M,PER_100000_POP,5.133295
2013,A,0,C,A,N,SH_HAP_HBSAG,KG06,M,PER_100000_POP,5.5
2014,A,0,C,A,N,SH_HAP_HBSAG,KG06,M,PER_100000_POP,7.7
2015,A,0,C,A,N,SH_HAP_HBSAG,KG06,M,PER_100000_POP,4.5
2016,A,0,C,A,N,SH_HAP_HBSAG,KG06,M,PER_100000_POP,6.8
2017,A,0,C,A,N,SH_HAP_HBSAG,KG06,M,PER_100000_POP,6.5
2018,A,0,C,A,N,SH_HAP_HBSAG,KG06,M,PER_100000_POP,5.813217
2019,A,0,C,A,N,SH_HAP_HBSAG,KG06,M,PER_100000_POP,5.255812
2007,A,0,C,A,N,SH_HAP_HBSAG,KG07,,PER_100000_POP,7.635028
2008,A,0,C,A,N,SH_HAP_HBSAG,KG07,,PER_100000_POP,5.776699
2009,A,0,C,A,N,SH_HAP_HBSAG,KG07,,PER_100000_POP,4.832
2010,A,0,C,A,N,SH_HAP_HBSAG,KG07,,PER_100000_POP,11.284379
2011,A,0,C,A,N,SH_HAP_HBSAG,KG07,,PER_100000_POP,8.134502
2012,A,0,C,A,N,SH_HAP_HBSAG,KG07,,PER_100000_POP,8.424032
2013,A,0,C,A,N,SH_HAP_HBSAG,KG07,,PER_100000_POP,7.9
2014,A,0,C,A,N,SH_HAP_HBSAG,KG07,,PER_100000_POP,6.5
2015,A,0,C,A,N,SH_HAP_HBSAG,KG07,,PER_100000_POP,5.2
2016,A,0,C,A,N,SH_HAP_HBSAG,KG07,,PER_100000_POP,6.3
2017,A,0,C,A,N,SH_HAP_HBSAG,KG07,,PER_100000_POP,3.9
2018,A,0,C,A,N,SH_HAP_HBSAG,KG07,,PER_100000_POP,2.679877
2019,A,0,C,A,N,SH_HAP_HBSAG,KG07,,PER_100000_POP,1.883977
2007,A,0,C,A,N,SH_HAP_HBSAG,KG07,F,PER_100000_POP,10.776346
2008,A,0,C,A,N,SH_HAP_HBSAG,KG07,F,PER_100000_POP,7.11383
2009,A,0,C,A,N,SH_HAP_HBSAG,KG07,F,PER_100000_POP,3.520042
2010,A,0,C,A,N,SH_HAP_HBSAG,KG07,F,PER_100000_POP,13.05733
2011,A,0,C,A,N,SH_HAP_HBSAG,KG07,F,PER_100000_POP,6.020884
2012,A,0,C,A,N,SH_HAP_HBSAG,KG07,F,PER_100000_POP,6.779718
2013,A,0,C,A,N,SH_HAP_HBSAG,KG07,F,PER_100000_POP,5.0
2014,A,0,C,A,N,SH_HAP_HBSAG,KG07,F,PER_100000_POP,5.8
2015,A,0,C,A,N,SH_HAP_HBSAG,KG07,F,PER_100000_POP,2.4
2016,A,0,C,A,N,SH_HAP_HBSAG,KG07,F,PER_100000_POP,5.6
2017,A,0,C,A,N,SH_HAP_HBSAG,KG07,F,PER_100000_POP,1.6
2018,A,0,C,A,N,SH_HAP_HBSAG,KG07,F,PER_100000_POP,3.096263
2019,A,0,C,A,N,SH_HAP_HBSAG,KG07,F,PER_100000_POP,1.524239
2007,A,0,C,A,N,SH_HAP_HBSAG,KG07,M,PER_100000_POP,4.492242
2008,A,0,C,A,N,SH_HAP_HBSAG,KG07,M,PER_100000_POP,4.441089
2009,A,0,C,A,N,SH_HAP_HBSAG,KG07,M,PER_100000_POP,6.139597
2010,A,0,C,A,N,SH_HAP_HBSAG,KG07,M,PER_100000_POP,9.521419
2011,A,0,C,A,N,SH_HAP_HBSAG,KG07,M,PER_100000_POP,10.22922
2012,A,0,C,A,N,SH_HAP_HBSAG,KG07,M,PER_100000_POP,10.048821
2013,A,0,C,A,N,SH_HAP_HBSAG,KG07,M,PER_100000_POP,10.7
2014,A,0,C,A,N,SH_HAP_HBSAG,KG07,M,PER_100000_POP,7.3
2015,A,0,C,A,N,SH_HAP_HBSAG,KG07,M,PER_100000_POP,8.0
2016,A,0,C,A,N,SH_HAP_HBSAG,KG07,M,PER_100000_POP,7.0
2017,A,0,C,A,N,SH_HAP_HBSAG,KG07,M,PER_100000_POP,6.2
2018,A,0,C,A,N,SH_HAP_HBSAG,KG07,M,PER_100000_POP,2.272417
2019,A,0,C,A,N,SH_HAP_HBSAG,KG07,M,PER_100000_POP,2.235753
2007,A,0,C,A,N,SH_HAP_HBSAG,KG08,,PER_100000_POP,12.255614
2008,A,0,C,A,N,SH_HAP_HBSAG,KG08,,PER_100000_POP,13.153626
2009,A,0,C,A,N,SH_HAP_HBSAG,KG08,,PER_100000_POP,11.182041
2010,A,0,C,A,N,SH_HAP_HBSAG,KG08,,PER_100000_POP,6.530648
2011,A,0,C,A,N,SH_HAP_HBSAG,KG08,,PER_100000_POP,10.259855
2012,A,0,C,A,N,SH_HAP_HBSAG,KG08,,PER_100000_POP,8.790298
2013,A,0,C,A,N,SH_HAP_HBSAG,KG08,,PER_100000_POP,6.6
2014,A,0,C,A,N,SH_HAP_HBSAG,KG08,,PER_100000_POP,6.5
2015,A,0,C,A,N,SH_HAP_HBSAG,KG08,,PER_100000_POP,5.8
2016,A,0,C,A,N,SH_HAP_HBSAG,KG08,,PER_100000_POP,5.4
2017,A,0,C,A,N,SH_HAP_HBSAG,KG08,,PER_100000_POP,4.8
2018,A,0,C,A,N,SH_HAP_HBSAG,KG08,,PER_100000_POP,6.334346
2019,A,0,C,A,N,SH_HAP_HBSAG,KG08,,PER_100000_POP,5.049926
2007,A,0,C,A,N,SH_HAP_HBSAG,KG08,F,PER_100000_POP,9.181073
2008,A,0,C,A,N,SH_HAP_HBSAG,KG08,F,PER_100000_POP,8.612184
2009,A,0,C,A,N,SH_HAP_HBSAG,KG08,F,PER_100000_POP,7.080216
2010,A,0,C,A,N,SH_HAP_HBSAG,KG08,F,PER_100000_POP,6.056436
2011,A,0,C,A,N,SH_HAP_HBSAG,KG08,F,PER_100000_POP,8.891004
2012,A,0,C,A,N,SH_HAP_HBSAG,KG08,F,PER_100000_POP,7.112005
2013,A,0,C,A,N,SH_HAP_HBSAG,KG08,F,PER_100000_POP,6.3
2014,A,0,C,A,N,SH_HAP_HBSAG,KG08,F,PER_100000_POP,3.9
2015,A,0,C,A,N,SH_HAP_HBSAG,KG08,F,PER_100000_POP,4.7
2016,A,0,C,A,N,SH_HAP_HBSAG,KG08,F,PER_100000_POP,4.2
2017,A,0,C,A,N,SH_HAP_HBSAG,KG08,F,PER_100000_POP,2.6
2018,A,0,C,A,N,SH_HAP_HBSAG,KG08,F,PER_100000_POP,4.864719
2019,A,0,C,A,N,SH_HAP_HBSAG,KG08,F,PER_100000_POP,3.731746
2007,A,0,C,A,N,SH_HAP_HBSAG,KG08,M,PER_100000_POP,15.445168
2008,A,0,C,A,N,SH_HAP_HBSAG,KG08,M,PER_100000_POP,17.863614
2009,A,0,C,A,N,SH_HAP_HBSAG,KG08,M,PER_100000_POP,15.432489
2010,A,0,C,A,N,SH_HAP_HBSAG,KG08,M,PER_100000_POP,7.021521
2011,A,0,C,A,N,SH_HAP_HBSAG,KG08,M,PER_100000_POP,11.674872
2012,A,0,C,A,N,SH_HAP_HBSAG,KG08,M,PER_100000_POP,10.522735
2013,A,0,C,A,N,SH_HAP_HBSAG,KG08,M,PER_100000_POP,7.0
2014,A,0,C,A,N,SH_HAP_HBSAG,KG08,M,PER_100000_POP,9.2
2015,A,0,C,A,N,SH_HAP_HBSAG,KG08,M,PER_100000_POP,6.9
2016,A,0,C,A,N,SH_HAP_HBSAG,KG08,M,PER_100000_POP,6.6
2017,A,0,C,A,N,SH_HAP_HBSAG,KG08,M,PER_100000_POP,7.1
2018,A,0,C,A,N,SH_HAP_HBSAG,KG08,M,PER_100000_POP,7.849328
2019,A,0,C,A,N,SH_HAP_HBSAG,KG08,M,PER_100000_POP,6.408052
2007,A,0,C,A,N,SH_HAP_HBSAG,KG11,,PER_100000_POP,19.444499
2008,A,0,C,A,N,SH_HAP_HBSAG,KG11,,PER_100000_POP,16.559633
2009,A,0,C,A,N,SH_HAP_HBSAG,KG11,,PER_100000_POP,18.582512
2010,A,0,C,A,N,SH_HAP_HBSAG,KG11,,PER_100000_POP,17.465079
2011,A,0,C,A,N,SH_HAP_HBSAG,KG11,,PER_100000_POP,16.607541
2012,A,0,C,A,N,SH_HAP_HBSAG,KG11,,PER_100000_POP,17.864088
2013,A,0,C,A,N,SH_HAP_HBSAG,KG11,,PER_100000_POP,10.1
2014,A,0,C,A,N,SH_HAP_HBSAG,KG11,,PER_100000_POP,9.5
2015,A,0,C,A,N,SH_HAP_HBSAG,KG11,,PER_100000_POP,7.9
2016,A,0,C,A,N,SH_HAP_HBSAG,KG11,,PER_100000_POP,10.1
2017,A,0,C,A,N,SH_HAP_HBSAG,KG11,,PER_100000_POP,10.1
2018,A,0,C,A,N,SH_HAP_HBSAG,KG11,,PER_100000_POP,8.968212
2019,A,0,C,A,N,SH_HAP_HBSAG,KG11,,PER_100000_POP,5.189414
2007,A,0,C,A,N,SH_HAP_HBSAG,KG11,F,PER_100000_POP,15.310366
2008,A,0,C,A,N,SH_HAP_HBSAG,KG11,F,PER_100000_POP,11.046411
2009,A,0,C,A,N,SH_HAP_HBSAG,KG11,F,PER_100000_POP,10.882674
2010,A,0,C,A,N,SH_HAP_HBSAG,KG11,F,PER_100000_POP,9.84267
2011,A,0,C,A,N,SH_HAP_HBSAG,KG11,F,PER_100000_POP,10.76723
2012,A,0,C,A,N,SH_HAP_HBSAG,KG11,F,PER_100000_POP,7.817766
2013,A,0,C,A,N,SH_HAP_HBSAG,KG11,F,PER_100000_POP,7.4
2014,A,0,C,A,N,SH_HAP_HBSAG,KG11,F,PER_100000_POP,7.1
2015,A,0,C,A,N,SH_HAP_HBSAG,KG11,F,PER_100000_POP,4.6
2016,A,0,C,A,N,SH_HAP_HBSAG,KG11,F,PER_100000_POP,7.0
2017,A,0,C,A,N,SH_HAP_HBSAG,KG11,F,PER_100000_POP,7.6
2018,A,0,C,A,N,SH_HAP_HBSAG,KG11,F,PER_100000_POP,5.929539
2019,A,0,C,A,N,SH_HAP_HBSAG,KG11,F,PER_100000_POP,2.894948
2007,A,0,C,A,N,SH_HAP_HBSAG,KG11,M,PER_100000_POP,24.204157
2008,A,0,C,A,N,SH_HAP_HBSAG,KG11,M,PER_100000_POP,22.932791
2009,A,0,C,A,N,SH_HAP_HBSAG,KG11,M,PER_100000_POP,27.489325
2010,A,0,C,A,N,SH_HAP_HBSAG,KG11,M,PER_100000_POP,26.266739
2011,A,0,C,A,N,SH_HAP_HBSAG,KG11,M,PER_100000_POP,23.342207
2012,A,0,C,A,N,SH_HAP_HBSAG,KG11,M,PER_100000_POP,29.427859
2013,A,0,C,A,N,SH_HAP_HBSAG,KG11,M,PER_100000_POP,13.1
2014,A,0,C,A,N,SH_HAP_HBSAG,KG11,M,PER_100000_POP,12.3
2015,A,0,C,A,N,SH_HAP_HBSAG,KG11,M,PER_100000_POP,11.8
2016,A,0,C,A,N,SH_HAP_HBSAG,KG11,M,PER_100000_POP,13.7
2017,A,0,C,A,N,SH_HAP_HBSAG,KG11,M,PER_100000_POP,12.9
2018,A,0,C,A,N,SH_HAP_HBSAG,KG11,M,PER_100000_POP,12.420425
2019,A,0,C,A,N,SH_HAP_HBSAG,KG11,M,PER_100000_POP,7.788593
2007,A,0,C,A,N,SH_HAP_HBSAG,KG21,,PER_100000_POP,40.964579
2008,A,0,C,A,N,SH_HAP_HBSAG,KG21,,PER_100000_POP,24.854562
2009,A,0,C,A,N,SH_HAP_HBSAG,KG21,,PER_100000_POP,23.592385
2010,A,0,C,A,N,SH_HAP_HBSAG,KG21,,PER_100000_POP,13.593447
2011,A,0,C,A,N,SH_HAP_HBSAG,KG21,,PER_100000_POP,19.152071
2012,A,0,C,A,N,SH_HAP_HBSAG,KG21,,PER_100000_POP,29.440248
2013,A,0,C,A,N,SH_HAP_HBSAG,KG21,,PER_100000_POP,21.3
2014,A,0,C,A,N,SH_HAP_HBSAG,KG21,,PER_100000_POP,24.7
2015,A,0,C,A,N,SH_HAP_HBSAG,KG21,,PER_100000_POP,22.3
2016,A,0,C,A,N,SH_HAP_HBSAG,KG21,,PER_100000_POP,14.0
2017,A,0,C,A,N,SH_HAP_HBSAG,KG21,,PER_100000_POP,4.9
2018,A,0,C,A,N,SH_HAP_HBSAG,KG21,,PER_100000_POP,7.479508
2019,A,0,C,A,N,SH_HAP_HBSAG,KG21,,PER_100000_POP,4.575268
2007,A,0,C,A,N,SH_HAP_HBSAG,KG21,F,PER_100000_POP,35.243744
2008,A,0,C,A,N,SH_HAP_HBSAG,KG21,F,PER_100000_POP,19.402116
2009,A,0,C,A,N,SH_HAP_HBSAG,KG21,F,PER_100000_POP,14.139324
2010,A,0,C,A,N,SH_HAP_HBSAG,KG21,F,PER_100000_POP,11.947431
2011,A,0,C,A,N,SH_HAP_HBSAG,KG21,F,PER_100000_POP,11.255262
2012,A,0,C,A,N,SH_HAP_HBSAG,KG21,F,PER_100000_POP,20.837209
2013,A,0,C,A,N,SH_HAP_HBSAG,KG21,F,PER_100000_POP,12.4
2014,A,0,C,A,N,SH_HAP_HBSAG,KG21,F,PER_100000_POP,20.9
2015,A,0,C,A,N,SH_HAP_HBSAG,KG21,F,PER_100000_POP,14.9
2016,A,0,C,A,N,SH_HAP_HBSAG,KG21,F,PER_100000_POP,12.5
2017,A,0,C,A,N,SH_HAP_HBSAG,KG21,F,PER_100000_POP,4.1
2018,A,0,C,A,N,SH_HAP_HBSAG,KG21,F,PER_100000_POP,3.953533
2019,A,0,C,A,N,SH_HAP_HBSAG,KG21,F,PER_100000_POP,2.537202
2007,A,0,C,A,N,SH_HAP_HBSAG,KG21,M,PER_100000_POP,47.169044
2008,A,0,C,A,N,SH_HAP_HBSAG,KG21,M,PER_100000_POP,30.771224
2009,A,0,C,A,N,SH_HAP_HBSAG,KG21,M,PER_100000_POP,33.821599
2010,A,0,C,A,N,SH_HAP_HBSAG,KG21,M,PER_100000_POP,15.377518
2011,A,0,C,A,N,SH_HAP_HBSAG,KG21,M,PER_100000_POP,27.737893
2012,A,0,C,A,N,SH_HAP_HBSAG,KG21,M,PER_100000_POP,38.780044
2013,A,0,C,A,N,SH_HAP_HBSAG,KG21,M,PER_100000_POP,30.9
2014,A,0,C,A,N,SH_HAP_HBSAG,KG21,M,PER_100000_POP,28.7
2015,A,0,C,A,N,SH_HAP_HBSAG,KG21,M,PER_100000_POP,30.4
2016,A,0,C,A,N,SH_HAP_HBSAG,KG21,M,PER_100000_POP,15.6
2017,A,0,C,A,N,SH_HAP_HBSAG,KG21,M,PER_100000_POP,5.8
2018,A,0,C,A,N,SH_HAP_HBSAG,KG21,M,PER_100000_POP,11.238007
2019,A,0,C,A,N,SH_HAP_HBSAG,KG21,M,PER_100000_POP,6.741316
