Year,OBS_STATUS,UNIT_MULT,NATURE,FREQ,REPORTING_TYPE,SERIES,REF_AREA,AGE,UNIT_MEASURE,Value
2007,A,0,C,A,N,SH_HIV_INCD,KG,,PER_1000_UNINFECTED_POP,0.077639
2008,A,0,C,A,N,SH_HIV_INCD,KG,,PER_1000_UNINFECTED_POP,0.103795
2009,A,0,C,A,N,SH_HIV_INCD,KG,,PER_1000_UNINFECTED_POP,0.124661
2010,A,0,C,A,N,SH_HIV_INCD,KG,,PER_1000_UNINFECTED_POP,0.1017
2011,A,0,C,A,N,SH_HIV_INCD,KG,,PER_1000_UNINFECTED_POP,0.107723
2012,A,0,C,A,N,SH_HIV_INCD,KG,,PER_1000_UNINFECTED_POP,0.125562
2013,A,0,C,A,N,SH_HIV_INCD,KG,,PER_1000_UNINFECTED_POP,0.083925
2014,A,0,C,A,N,SH_HIV_INCD,KG,,PER_1000_UNINFECTED_POP,0.104881
2015,A,0,C,A,N,SH_HIV_INCD,KG,,PER_1000_UNINFECTED_POP,0.101567
2016,A,0,C,A,N,SH_HIV_INCD,KG,,PER_1000_UNINFECTED_POP,0.117451
2017,A,0,C,A,N,SH_HIV_INCD,KG,,PER_1000_UNINFECTED_POP,0.128435
2018,A,0,C,A,N,SH_HIV_INCD,KG,,PER_1000_UNINFECTED_POP,0.1297
2019,A,0,C,A,N,SH_HIV_INCD,KG,,PER_1000_UNINFECTED_POP,0.1
2007,A,0,C,A,N,SH_HIV_INCD,KG,,PER_1000_UNINFECTED_POP,0.041956
2008,A,0,C,A,N,SH_HIV_INCD,KG,,PER_1000_UNINFECTED_POP,0.067162
2009,A,0,C,A,N,SH_HIV_INCD,KG,,PER_1000_UNINFECTED_POP,0.064553
2010,A,0,C,A,N,SH_HIV_INCD,KG,,PER_1000_UNINFECTED_POP,0.060539
2011,A,0,C,A,N,SH_HIV_INCD,KG,,PER_1000_UNINFECTED_POP,0.064473
2012,A,0,C,A,N,SH_HIV_INCD,KG,,PER_1000_UNINFECTED_POP,0.105748
2013,A,0,C,A,N,SH_HIV_INCD,KG,,PER_1000_UNINFECTED_POP,0.070194
2014,A,0,C,A,N,SH_HIV_INCD,KG,,PER_1000_UNINFECTED_POP,0.090885
2015,A,0,C,A,N,SH_HIV_INCD,KG,,PER_1000_UNINFECTED_POP,0.091088
2016,A,0,C,A,N,SH_HIV_INCD,KG,,PER_1000_UNINFECTED_POP,0.097137
2017,A,0,C,A,N,SH_HIV_INCD,KG,,PER_1000_UNINFECTED_POP,0.106527
2018,A,0,C,A,N,SH_HIV_INCD,KG,,PER_1000_UNINFECTED_POP,0.097582
2019,A,0,C,A,N,SH_HIV_INCD,KG,,PER_1000_UNINFECTED_POP,0.1
2007,A,0,C,A,N,SH_HIV_INCD,KG,,PER_1000_UNINFECTED_POP,0.114296
2008,A,0,C,A,N,SH_HIV_INCD,KG,,PER_1000_UNINFECTED_POP,0.14143
2009,A,0,C,A,N,SH_HIV_INCD,KG,,PER_1000_UNINFECTED_POP,0.186359
2010,A,0,C,A,N,SH_HIV_INCD,KG,,PER_1000_UNINFECTED_POP,0.143928
2011,A,0,C,A,N,SH_HIV_INCD,KG,,PER_1000_UNINFECTED_POP,0.152077
2012,A,0,C,A,N,SH_HIV_INCD,KG,,PER_1000_UNINFECTED_POP,0.145855
2013,A,0,C,A,N,SH_HIV_INCD,KG,,PER_1000_UNINFECTED_POP,0.09797
2014,A,0,C,A,N,SH_HIV_INCD,KG,,PER_1000_UNINFECTED_POP,0.119179
2015,A,0,C,A,N,SH_HIV_INCD,KG,,PER_1000_UNINFECTED_POP,0.112257
2016,A,0,C,A,N,SH_HIV_INCD,KG,,PER_1000_UNINFECTED_POP,0.138147
2017,A,0,C,A,N,SH_HIV_INCD,KG,,PER_1000_UNINFECTED_POP,0.150731
2018,A,0,C,A,N,SH_HIV_INCD,KG,,PER_1000_UNINFECTED_POP,0.162349
2019,A,0,C,A,N,SH_HIV_INCD,KG,,PER_1000_UNINFECTED_POP,0.2
2007,A,0,C,A,N,SH_HIV_INCD,KG05,,PER_1000_UNINFECTED_POP,0.018994
2008,A,0,C,A,N,SH_HIV_INCD,KG05,,PER_1000_UNINFECTED_POP,0.037673
2009,A,0,C,A,N,SH_HIV_INCD,KG05,,PER_1000_UNINFECTED_POP,0.016262
2010,A,0,C,A,N,SH_HIV_INCD,KG05,,PER_1000_UNINFECTED_POP,0.01143
2011,A,0,C,A,N,SH_HIV_INCD,KG05,,PER_1000_UNINFECTED_POP,0.024721
2012,A,0,C,A,N,SH_HIV_INCD,KG05,,PER_1000_UNINFECTED_POP,0.039661
2013,A,0,C,A,N,SH_HIV_INCD,KG05,,PER_1000_UNINFECTED_POP,0.038771
2014,A,0,C,A,N,SH_HIV_INCD,KG05,,PER_1000_UNINFECTED_POP,0.071558
2015,A,0,C,A,N,SH_HIV_INCD,KG05,,PER_1000_UNINFECTED_POP,0.051375
2016,A,0,C,A,N,SH_HIV_INCD,KG05,,PER_1000_UNINFECTED_POP,0.034134
2017,A,0,C,A,N,SH_HIV_INCD,KG05,,PER_1000_UNINFECTED_POP,0.051128
2018,A,0,C,A,N,SH_HIV_INCD,KG05,,PER_1000_UNINFECTED_POP,0.040436
2019,A,0,C,A,N,SH_HIV_INCD,KG05,,PER_1000_UNINFECTED_POP,0.0
2007,A,0,C,A,N,SH_HIV_INCD,KG05,,PER_1000_UNINFECTED_POP,0.014483
2008,A,0,C,A,N,SH_HIV_INCD,KG05,,PER_1000_UNINFECTED_POP,0.033537
2009,A,0,C,A,N,SH_HIV_INCD,KG05,,PER_1000_UNINFECTED_POP,0.004729
2010,A,0,C,A,N,SH_HIV_INCD,KG05,,PER_1000_UNINFECTED_POP,0.013943
2011,A,0,C,A,N,SH_HIV_INCD,KG05,,PER_1000_UNINFECTED_POP,0.022821
2012,A,0,C,A,N,SH_HIV_INCD,KG05,,PER_1000_UNINFECTED_POP,0.040276
2013,A,0,C,A,N,SH_HIV_INCD,KG05,,PER_1000_UNINFECTED_POP,0.043779
2014,A,0,C,A,N,SH_HIV_INCD,KG05,,PER_1000_UNINFECTED_POP,0.077046
2015,A,0,C,A,N,SH_HIV_INCD,KG05,,PER_1000_UNINFECTED_POP,0.062727
2016,A,0,C,A,N,SH_HIV_INCD,KG05,,PER_1000_UNINFECTED_POP,0.032703
2017,A,0,C,A,N,SH_HIV_INCD,KG05,,PER_1000_UNINFECTED_POP,0.044051
2018,A,0,C,A,N,SH_HIV_INCD,KG05,,PER_1000_UNINFECTED_POP,0.035312
2019,A,0,C,A,N,SH_HIV_INCD,KG05,,PER_1000_UNINFECTED_POP,0.0
2007,A,0,C,A,N,SH_HIV_INCD,KG05,,PER_1000_UNINFECTED_POP,0.023358
2008,A,0,C,A,N,SH_HIV_INCD,KG05,,PER_1000_UNINFECTED_POP,0.041669
2009,A,0,C,A,N,SH_HIV_INCD,KG05,,PER_1000_UNINFECTED_POP,0.027402
2010,A,0,C,A,N,SH_HIV_INCD,KG05,,PER_1000_UNINFECTED_POP,0.008997
2011,A,0,C,A,N,SH_HIV_INCD,KG05,,PER_1000_UNINFECTED_POP,0.026565
2012,A,0,C,A,N,SH_HIV_INCD,KG05,,PER_1000_UNINFECTED_POP,0.039063
2013,A,0,C,A,N,SH_HIV_INCD,KG05,,PER_1000_UNINFECTED_POP,0.033922
2014,A,0,C,A,N,SH_HIV_INCD,KG05,,PER_1000_UNINFECTED_POP,0.066249
2015,A,0,C,A,N,SH_HIV_INCD,KG05,,PER_1000_UNINFECTED_POP,0.040406
2016,A,0,C,A,N,SH_HIV_INCD,KG05,,PER_1000_UNINFECTED_POP,0.035516
2017,A,0,C,A,N,SH_HIV_INCD,KG05,,PER_1000_UNINFECTED_POP,0.057957
2018,A,0,C,A,N,SH_HIV_INCD,KG05,,PER_1000_UNINFECTED_POP,0.045374
2019,A,0,C,A,N,SH_HIV_INCD,KG05,,PER_1000_UNINFECTED_POP,0.0
2007,A,0,C,A,N,SH_HIV_INCD,KG03,,PER_1000_UNINFECTED_POP,0.044535
2008,A,0,C,A,N,SH_HIV_INCD,KG03,,PER_1000_UNINFECTED_POP,0.070042
2009,A,0,C,A,N,SH_HIV_INCD,KG03,,PER_1000_UNINFECTED_POP,0.060105
2010,A,0,C,A,N,SH_HIV_INCD,KG03,,PER_1000_UNINFECTED_POP,0.059233
2011,A,0,C,A,N,SH_HIV_INCD,KG03,,PER_1000_UNINFECTED_POP,0.048786
2012,A,0,C,A,N,SH_HIV_INCD,KG03,,PER_1000_UNINFECTED_POP,0.091049
2013,A,0,C,A,N,SH_HIV_INCD,KG03,,PER_1000_UNINFECTED_POP,0.04688
2014,A,0,C,A,N,SH_HIV_INCD,KG03,,PER_1000_UNINFECTED_POP,0.072026
2015,A,0,C,A,N,SH_HIV_INCD,KG03,,PER_1000_UNINFECTED_POP,0.082866
2016,A,0,C,A,N,SH_HIV_INCD,KG03,,PER_1000_UNINFECTED_POP,0.063928
2017,A,0,C,A,N,SH_HIV_INCD,KG03,,PER_1000_UNINFECTED_POP,0.102583
2018,A,0,C,A,N,SH_HIV_INCD,KG03,,PER_1000_UNINFECTED_POP,0.061542
2019,A,0,C,A,N,SH_HIV_INCD,KG03,,PER_1000_UNINFECTED_POP,0.1
2007,A,0,C,A,N,SH_HIV_INCD,KG03,,PER_1000_UNINFECTED_POP,0.038468
2008,A,0,C,A,N,SH_HIV_INCD,KG03,,PER_1000_UNINFECTED_POP,0.05606
2009,A,0,C,A,N,SH_HIV_INCD,KG03,,PER_1000_UNINFECTED_POP,0.047336
2010,A,0,C,A,N,SH_HIV_INCD,KG03,,PER_1000_UNINFECTED_POP,0.058324
2011,A,0,C,A,N,SH_HIV_INCD,KG03,,PER_1000_UNINFECTED_POP,0.036397
2012,A,0,C,A,N,SH_HIV_INCD,KG03,,PER_1000_UNINFECTED_POP,0.095921
2013,A,0,C,A,N,SH_HIV_INCD,KG03,,PER_1000_UNINFECTED_POP,0.051601
2014,A,0,C,A,N,SH_HIV_INCD,KG03,,PER_1000_UNINFECTED_POP,0.065024
2015,A,0,C,A,N,SH_HIV_INCD,KG03,,PER_1000_UNINFECTED_POP,0.081428
2016,A,0,C,A,N,SH_HIV_INCD,KG03,,PER_1000_UNINFECTED_POP,0.043401
2017,A,0,C,A,N,SH_HIV_INCD,KG03,,PER_1000_UNINFECTED_POP,0.107411
2018,A,0,C,A,N,SH_HIV_INCD,KG03,,PER_1000_UNINFECTED_POP,0.061918
2019,A,0,C,A,N,SH_HIV_INCD,KG03,,PER_1000_UNINFECTED_POP,0.1
2007,A,0,C,A,N,SH_HIV_INCD,KG03,,PER_1000_UNINFECTED_POP,0.0506
2008,A,0,C,A,N,SH_HIV_INCD,KG03,,PER_1000_UNINFECTED_POP,0.084012
2009,A,0,C,A,N,SH_HIV_INCD,KG03,,PER_1000_UNINFECTED_POP,0.072852
2010,A,0,C,A,N,SH_HIV_INCD,KG03,,PER_1000_UNINFECTED_POP,0.06014
2011,A,0,C,A,N,SH_HIV_INCD,KG03,,PER_1000_UNINFECTED_POP,0.061143
2012,A,0,C,A,N,SH_HIV_INCD,KG03,,PER_1000_UNINFECTED_POP,0.086195
2013,A,0,C,A,N,SH_HIV_INCD,KG03,,PER_1000_UNINFECTED_POP,0.042181
2014,A,0,C,A,N,SH_HIV_INCD,KG03,,PER_1000_UNINFECTED_POP,0.078984
2015,A,0,C,A,N,SH_HIV_INCD,KG03,,PER_1000_UNINFECTED_POP,0.084292
2016,A,0,C,A,N,SH_HIV_INCD,KG03,,PER_1000_UNINFECTED_POP,0.084261
2017,A,0,C,A,N,SH_HIV_INCD,KG03,,PER_1000_UNINFECTED_POP,0.097808
2018,A,0,C,A,N,SH_HIV_INCD,KG03,,PER_1000_UNINFECTED_POP,0.06117
2019,A,0,C,A,N,SH_HIV_INCD,KG03,,PER_1000_UNINFECTED_POP,0.0
2007,A,0,C,A,N,SH_HIV_INCD,KG02,,PER_1000_UNINFECTED_POP,0.004608
2008,A,0,C,A,N,SH_HIV_INCD,KG02,,PER_1000_UNINFECTED_POP,0.027501
2009,A,0,C,A,N,SH_HIV_INCD,KG02,,PER_1000_UNINFECTED_POP,0.027305
2010,A,0,C,A,N,SH_HIV_INCD,KG02,,PER_1000_UNINFECTED_POP,0.018062
2011,A,0,C,A,N,SH_HIV_INCD,KG02,,PER_1000_UNINFECTED_POP,0.053783
2012,A,0,C,A,N,SH_HIV_INCD,KG02,,PER_1000_UNINFECTED_POP,0.031064
2013,A,0,C,A,N,SH_HIV_INCD,KG02,,PER_1000_UNINFECTED_POP,0.028512
2014,A,0,C,A,N,SH_HIV_INCD,KG02,,PER_1000_UNINFECTED_POP,0.062882
2015,A,0,C,A,N,SH_HIV_INCD,KG02,,PER_1000_UNINFECTED_POP,0.066387
2016,A,0,C,A,N,SH_HIV_INCD,KG02,,PER_1000_UNINFECTED_POP,0.082386
2017,A,0,C,A,N,SH_HIV_INCD,KG02,,PER_1000_UNINFECTED_POP,0.087531
2018,A,0,C,A,N,SH_HIV_INCD,KG02,,PER_1000_UNINFECTED_POP,0.057572
2019,A,0,C,A,N,SH_HIV_INCD,KG02,,PER_1000_UNINFECTED_POP,0.1
2007,A,0,C,A,N,SH_HIV_INCD,KG02,,PER_1000_UNINFECTED_POP,0.0
2008,A,0,C,A,N,SH_HIV_INCD,KG02,,PER_1000_UNINFECTED_POP,0.02262
2009,A,0,C,A,N,SH_HIV_INCD,KG02,,PER_1000_UNINFECTED_POP,0.013497
2010,A,0,C,A,N,SH_HIV_INCD,KG02,,PER_1000_UNINFECTED_POP,0.0
2011,A,0,C,A,N,SH_HIV_INCD,KG02,,PER_1000_UNINFECTED_POP,0.035537
2012,A,0,C,A,N,SH_HIV_INCD,KG02,,PER_1000_UNINFECTED_POP,0.026411
2013,A,0,C,A,N,SH_HIV_INCD,KG02,,PER_1000_UNINFECTED_POP,0.026123
2014,A,0,C,A,N,SH_HIV_INCD,KG02,,PER_1000_UNINFECTED_POP,0.064607
2015,A,0,C,A,N,SH_HIV_INCD,KG02,,PER_1000_UNINFECTED_POP,0.046817
2016,A,0,C,A,N,SH_HIV_INCD,KG02,,PER_1000_UNINFECTED_POP,0.07142
2017,A,0,C,A,N,SH_HIV_INCD,KG02,,PER_1000_UNINFECTED_POP,0.058072
2018,A,0,C,A,N,SH_HIV_INCD,KG02,,PER_1000_UNINFECTED_POP,0.020472
2019,A,0,C,A,N,SH_HIV_INCD,KG02,,PER_1000_UNINFECTED_POP,0.1
2007,A,0,C,A,N,SH_HIV_INCD,KG02,,PER_1000_UNINFECTED_POP,0.009349
2008,A,0,C,A,N,SH_HIV_INCD,KG02,,PER_1000_UNINFECTED_POP,0.032512
2009,A,0,C,A,N,SH_HIV_INCD,KG02,,PER_1000_UNINFECTED_POP,0.041436
2010,A,0,C,A,N,SH_HIV_INCD,KG02,,PER_1000_UNINFECTED_POP,0.036491
2011,A,0,C,A,N,SH_HIV_INCD,KG02,,PER_1000_UNINFECTED_POP,0.072359
2012,A,0,C,A,N,SH_HIV_INCD,KG02,,PER_1000_UNINFECTED_POP,0.035794
2013,A,0,C,A,N,SH_HIV_INCD,KG02,,PER_1000_UNINFECTED_POP,0.030939
2014,A,0,C,A,N,SH_HIV_INCD,KG02,,PER_1000_UNINFECTED_POP,0.061134
2015,A,0,C,A,N,SH_HIV_INCD,KG02,,PER_1000_UNINFECTED_POP,0.086207
2016,A,0,C,A,N,SH_HIV_INCD,KG02,,PER_1000_UNINFECTED_POP,0.093477
2017,A,0,C,A,N,SH_HIV_INCD,KG02,,PER_1000_UNINFECTED_POP,0.117277
2018,A,0,C,A,N,SH_HIV_INCD,KG02,,PER_1000_UNINFECTED_POP,0.094996
2019,A,0,C,A,N,SH_HIV_INCD,KG02,,PER_1000_UNINFECTED_POP,0.1
2007,A,0,C,A,N,SH_HIV_INCD,KG04,,PER_1000_UNINFECTED_POP,0.0
2008,A,0,C,A,N,SH_HIV_INCD,KG04,,PER_1000_UNINFECTED_POP,0.003889
2009,A,0,C,A,N,SH_HIV_INCD,KG04,,PER_1000_UNINFECTED_POP,0.007743
2010,A,0,C,A,N,SH_HIV_INCD,KG04,,PER_1000_UNINFECTED_POP,0.02301
2011,A,0,C,A,N,SH_HIV_INCD,KG04,,PER_1000_UNINFECTED_POP,0.094871
2012,A,0,C,A,N,SH_HIV_INCD,KG04,,PER_1000_UNINFECTED_POP,0.045026
2013,A,0,C,A,N,SH_HIV_INCD,KG04,,PER_1000_UNINFECTED_POP,0.040785
2014,A,0,C,A,N,SH_HIV_INCD,KG04,,PER_1000_UNINFECTED_POP,0.087939
2015,A,0,C,A,N,SH_HIV_INCD,KG04,,PER_1000_UNINFECTED_POP,0.072443
2016,A,0,C,A,N,SH_HIV_INCD,KG04,,PER_1000_UNINFECTED_POP,0.089502
2017,A,0,C,A,N,SH_HIV_INCD,KG04,,PER_1000_UNINFECTED_POP,0.123926
2018,A,0,C,A,N,SH_HIV_INCD,KG04,,PER_1000_UNINFECTED_POP,0.021019
2019,A,0,C,A,N,SH_HIV_INCD,KG04,,PER_1000_UNINFECTED_POP,0.1
2007,A,0,C,A,N,SH_HIV_INCD,KG04,,PER_1000_UNINFECTED_POP,0.0
2008,A,0,C,A,N,SH_HIV_INCD,KG04,,PER_1000_UNINFECTED_POP,0.0
2009,A,0,C,A,N,SH_HIV_INCD,KG04,,PER_1000_UNINFECTED_POP,0.007654
2010,A,0,C,A,N,SH_HIV_INCD,KG04,,PER_1000_UNINFECTED_POP,0.03787
2011,A,0,C,A,N,SH_HIV_INCD,KG04,,PER_1000_UNINFECTED_POP,0.149779
2012,A,0,C,A,N,SH_HIV_INCD,KG04,,PER_1000_UNINFECTED_POP,0.059173
2013,A,0,C,A,N,SH_HIV_INCD,KG04,,PER_1000_UNINFECTED_POP,0.043827
2014,A,0,C,A,N,SH_HIV_INCD,KG04,,PER_1000_UNINFECTED_POP,0.129979
2015,A,0,C,A,N,SH_HIV_INCD,KG04,,PER_1000_UNINFECTED_POP,0.107097
2016,A,0,C,A,N,SH_HIV_INCD,KG04,,PER_1000_UNINFECTED_POP,0.112825
2017,A,0,C,A,N,SH_HIV_INCD,KG04,,PER_1000_UNINFECTED_POP,0.139296
2018,A,0,C,A,N,SH_HIV_INCD,KG04,,PER_1000_UNINFECTED_POP,0.006884
2019,A,0,C,A,N,SH_HIV_INCD,KG04,,PER_1000_UNINFECTED_POP,0.0
2007,A,0,C,A,N,SH_HIV_INCD,KG04,,PER_1000_UNINFECTED_POP,0.0
2008,A,0,C,A,N,SH_HIV_INCD,KG04,,PER_1000_UNINFECTED_POP,0.007702
2009,A,0,C,A,N,SH_HIV_INCD,KG04,,PER_1000_UNINFECTED_POP,0.007654
2010,A,0,C,A,N,SH_HIV_INCD,KG04,,PER_1000_UNINFECTED_POP,0.03787
2011,A,0,C,A,N,SH_HIV_INCD,KG04,,PER_1000_UNINFECTED_POP,0.149779
2012,A,0,C,A,N,SH_HIV_INCD,KG04,,PER_1000_UNINFECTED_POP,0.059173
2013,A,0,C,A,N,SH_HIV_INCD,KG04,,PER_1000_UNINFECTED_POP,0.043827
2014,A,0,C,A,N,SH_HIV_INCD,KG04,,PER_1000_UNINFECTED_POP,0.129979
2015,A,0,C,A,N,SH_HIV_INCD,KG04,,PER_1000_UNINFECTED_POP,0.107097
2016,A,0,C,A,N,SH_HIV_INCD,KG04,,PER_1000_UNINFECTED_POP,0.112825
2017,A,0,C,A,N,SH_HIV_INCD,KG04,,PER_1000_UNINFECTED_POP,0.139296
2018,A,0,C,A,N,SH_HIV_INCD,KG04,,PER_1000_UNINFECTED_POP,0.006884
2019,A,0,C,A,N,SH_HIV_INCD,KG04,,PER_1000_UNINFECTED_POP,0.1
2007,A,0,C,A,N,SH_HIV_INCD,KG06,,PER_1000_UNINFECTED_POP,0.095398
2008,A,0,C,A,N,SH_HIV_INCD,KG06,,PER_1000_UNINFECTED_POP,0.118959
2009,A,0,C,A,N,SH_HIV_INCD,KG06,,PER_1000_UNINFECTED_POP,0.10997
2010,A,0,C,A,N,SH_HIV_INCD,KG06,,PER_1000_UNINFECTED_POP,0.090726
2011,A,0,C,A,N,SH_HIV_INCD,KG06,,PER_1000_UNINFECTED_POP,0.087779
2012,A,0,C,A,N,SH_HIV_INCD,KG06,,PER_1000_UNINFECTED_POP,0.17151
2013,A,0,C,A,N,SH_HIV_INCD,KG06,,PER_1000_UNINFECTED_POP,0.061526
2014,A,0,C,A,N,SH_HIV_INCD,KG06,,PER_1000_UNINFECTED_POP,0.077427
2015,A,0,C,A,N,SH_HIV_INCD,KG06,,PER_1000_UNINFECTED_POP,0.078784
2016,A,0,C,A,N,SH_HIV_INCD,KG06,,PER_1000_UNINFECTED_POP,0.078524
2017,A,0,C,A,N,SH_HIV_INCD,KG06,,PER_1000_UNINFECTED_POP,0.080728
2018,A,0,C,A,N,SH_HIV_INCD,KG06,,PER_1000_UNINFECTED_POP,0.068532
2019,A,0,C,A,N,SH_HIV_INCD,KG06,,PER_1000_UNINFECTED_POP,0.1
2007,A,0,C,A,N,SH_HIV_INCD,KG06,,PER_1000_UNINFECTED_POP,0.069082
2008,A,0,C,A,N,SH_HIV_INCD,KG06,,PER_1000_UNINFECTED_POP,0.12175
2009,A,0,C,A,N,SH_HIV_INCD,KG06,,PER_1000_UNINFECTED_POP,0.107225
2010,A,0,C,A,N,SH_HIV_INCD,KG06,,PER_1000_UNINFECTED_POP,0.0932
2011,A,0,C,A,N,SH_HIV_INCD,KG06,,PER_1000_UNINFECTED_POP,0.090158
2012,A,0,C,A,N,SH_HIV_INCD,KG06,,PER_1000_UNINFECTED_POP,0.151048
2013,A,0,C,A,N,SH_HIV_INCD,KG06,,PER_1000_UNINFECTED_POP,0.064548
2014,A,0,C,A,N,SH_HIV_INCD,KG06,,PER_1000_UNINFECTED_POP,0.073072
2015,A,0,C,A,N,SH_HIV_INCD,KG06,,PER_1000_UNINFECTED_POP,0.077833
2016,A,0,C,A,N,SH_HIV_INCD,KG06,,PER_1000_UNINFECTED_POP,0.085588
2017,A,0,C,A,N,SH_HIV_INCD,KG06,,PER_1000_UNINFECTED_POP,0.085417
2018,A,0,C,A,N,SH_HIV_INCD,KG06,,PER_1000_UNINFECTED_POP,0.057837
2019,A,0,C,A,N,SH_HIV_INCD,KG06,,PER_1000_UNINFECTED_POP,0.1
2007,A,0,C,A,N,SH_HIV_INCD,KG06,,PER_1000_UNINFECTED_POP,0.121304
2008,A,0,C,A,N,SH_HIV_INCD,KG06,,PER_1000_UNINFECTED_POP,0.116212
2009,A,0,C,A,N,SH_HIV_INCD,KG06,,PER_1000_UNINFECTED_POP,0.112672
2010,A,0,C,A,N,SH_HIV_INCD,KG06,,PER_1000_UNINFECTED_POP,0.088289
2011,A,0,C,A,N,SH_HIV_INCD,KG06,,PER_1000_UNINFECTED_POP,0.085433
2012,A,0,C,A,N,SH_HIV_INCD,KG06,,PER_1000_UNINFECTED_POP,0.19168
2013,A,0,C,A,N,SH_HIV_INCD,KG06,,PER_1000_UNINFECTED_POP,0.058549
2014,A,0,C,A,N,SH_HIV_INCD,KG06,,PER_1000_UNINFECTED_POP,0.081713
2015,A,0,C,A,N,SH_HIV_INCD,KG06,,PER_1000_UNINFECTED_POP,0.07972
2016,A,0,C,A,N,SH_HIV_INCD,KG06,,PER_1000_UNINFECTED_POP,0.071589
2017,A,0,C,A,N,SH_HIV_INCD,KG06,,PER_1000_UNINFECTED_POP,0.07613
2018,A,0,C,A,N,SH_HIV_INCD,KG06,,PER_1000_UNINFECTED_POP,0.079006
2019,A,0,C,A,N,SH_HIV_INCD,KG06,,PER_1000_UNINFECTED_POP,0.1
2007,A,0,C,A,N,SH_HIV_INCD,KG07,,PER_1000_UNINFECTED_POP,0.013474
2008,A,0,C,A,N,SH_HIV_INCD,KG07,,PER_1000_UNINFECTED_POP,0.017775
2009,A,0,C,A,N,SH_HIV_INCD,KG07,,PER_1000_UNINFECTED_POP,0.03075
2010,A,0,C,A,N,SH_HIV_INCD,KG07,,PER_1000_UNINFECTED_POP,0.021701
2011,A,0,C,A,N,SH_HIV_INCD,KG07,,PER_1000_UNINFECTED_POP,0.042815
2012,A,0,C,A,N,SH_HIV_INCD,KG07,,PER_1000_UNINFECTED_POP,0.067397
2013,A,0,C,A,N,SH_HIV_INCD,KG07,,PER_1000_UNINFECTED_POP,0.045567
2014,A,0,C,A,N,SH_HIV_INCD,KG07,,PER_1000_UNINFECTED_POP,0.048927
2015,A,0,C,A,N,SH_HIV_INCD,KG07,,PER_1000_UNINFECTED_POP,0.056171
2016,A,0,C,A,N,SH_HIV_INCD,KG07,,PER_1000_UNINFECTED_POP,0.055292
2017,A,0,C,A,N,SH_HIV_INCD,KG07,,PER_1000_UNINFECTED_POP,0.058354
2018,A,0,C,A,N,SH_HIV_INCD,KG07,,PER_1000_UNINFECTED_POP,0.057429
2019,A,0,C,A,N,SH_HIV_INCD,KG07,,PER_1000_UNINFECTED_POP,0.0
2007,A,0,C,A,N,SH_HIV_INCD,KG07,,PER_1000_UNINFECTED_POP,0.00898
2008,A,0,C,A,N,SH_HIV_INCD,KG07,,PER_1000_UNINFECTED_POP,0.008892
2009,A,0,C,A,N,SH_HIV_INCD,KG07,,PER_1000_UNINFECTED_POP,0.017601
2010,A,0,C,A,N,SH_HIV_INCD,KG07,,PER_1000_UNINFECTED_POP,0.008705
2011,A,0,C,A,N,SH_HIV_INCD,KG07,,PER_1000_UNINFECTED_POP,0.017203
2012,A,0,C,A,N,SH_HIV_INCD,KG07,,PER_1000_UNINFECTED_POP,0.067802
2013,A,0,C,A,N,SH_HIV_INCD,KG07,,PER_1000_UNINFECTED_POP,0.05005
2014,A,0,C,A,N,SH_HIV_INCD,KG07,,PER_1000_UNINFECTED_POP,0.041101
2015,A,0,C,A,N,SH_HIV_INCD,KG07,,PER_1000_UNINFECTED_POP,0.04859
2016,A,0,C,A,N,SH_HIV_INCD,KG07,,PER_1000_UNINFECTED_POP,0.04787
2017,A,0,C,A,N,SH_HIV_INCD,KG07,,PER_1000_UNINFECTED_POP,0.055043
2018,A,0,C,A,N,SH_HIV_INCD,KG07,,PER_1000_UNINFECTED_POP,0.046446
2019,A,0,C,A,N,SH_HIV_INCD,KG07,,PER_1000_UNINFECTED_POP,0.0
2007,A,0,C,A,N,SH_HIV_INCD,KG07,,PER_1000_UNINFECTED_POP,0.017969
2008,A,0,C,A,N,SH_HIV_INCD,KG07,,PER_1000_UNINFECTED_POP,0.026647
2009,A,0,C,A,N,SH_HIV_INCD,KG07,,PER_1000_UNINFECTED_POP,0.043856
2010,A,0,C,A,N,SH_HIV_INCD,KG07,,PER_1000_UNINFECTED_POP,0.034625
2011,A,0,C,A,N,SH_HIV_INCD,KG07,,PER_1000_UNINFECTED_POP,0.068199
2012,A,0,C,A,N,SH_HIV_INCD,KG07,,PER_1000_UNINFECTED_POP,0.066997
2013,A,0,C,A,N,SH_HIV_INCD,KG07,,PER_1000_UNINFECTED_POP,0.041144
2014,A,0,C,A,N,SH_HIV_INCD,KG07,,PER_1000_UNINFECTED_POP,0.056629
2015,A,0,C,A,N,SH_HIV_INCD,KG07,,PER_1000_UNINFECTED_POP,0.063615
2016,A,0,C,A,N,SH_HIV_INCD,KG07,,PER_1000_UNINFECTED_POP,0.062567
2017,A,0,C,A,N,SH_HIV_INCD,KG07,,PER_1000_UNINFECTED_POP,0.061597
2018,A,0,C,A,N,SH_HIV_INCD,KG07,,PER_1000_UNINFECTED_POP,0.068177
2019,A,0,C,A,N,SH_HIV_INCD,KG07,,PER_1000_UNINFECTED_POP,0.0
2007,A,0,C,A,N,SH_HIV_INCD,KG08,,PER_1000_UNINFECTED_POP,0.120044
2008,A,0,C,A,N,SH_HIV_INCD,KG08,,PER_1000_UNINFECTED_POP,0.211756
2009,A,0,C,A,N,SH_HIV_INCD,KG08,,PER_1000_UNINFECTED_POP,0.316925
2010,A,0,C,A,N,SH_HIV_INCD,KG08,,PER_1000_UNINFECTED_POP,0.2465
2011,A,0,C,A,N,SH_HIV_INCD,KG08,,PER_1000_UNINFECTED_POP,0.251674
2012,A,0,C,A,N,SH_HIV_INCD,KG08,,PER_1000_UNINFECTED_POP,0.245707
2013,A,0,C,A,N,SH_HIV_INCD,KG08,,PER_1000_UNINFECTED_POP,0.185606
2014,A,0,C,A,N,SH_HIV_INCD,KG08,,PER_1000_UNINFECTED_POP,0.222782
2015,A,0,C,A,N,SH_HIV_INCD,KG08,,PER_1000_UNINFECTED_POP,0.188909
2016,A,0,C,A,N,SH_HIV_INCD,KG08,,PER_1000_UNINFECTED_POP,0.293505
2017,A,0,C,A,N,SH_HIV_INCD,KG08,,PER_1000_UNINFECTED_POP,0.306622
2018,A,0,C,A,N,SH_HIV_INCD,KG08,,PER_1000_UNINFECTED_POP,0.235178
2019,A,0,C,A,N,SH_HIV_INCD,KG08,,PER_1000_UNINFECTED_POP,0.2
2007,A,0,C,A,N,SH_HIV_INCD,KG08,,PER_1000_UNINFECTED_POP,0.044667
2008,A,0,C,A,N,SH_HIV_INCD,KG08,,PER_1000_UNINFECTED_POP,0.078746
2009,A,0,C,A,N,SH_HIV_INCD,KG08,,PER_1000_UNINFECTED_POP,0.083016
2010,A,0,C,A,N,SH_HIV_INCD,KG08,,PER_1000_UNINFECTED_POP,0.084797
2011,A,0,C,A,N,SH_HIV_INCD,KG08,,PER_1000_UNINFECTED_POP,0.105742
2012,A,0,C,A,N,SH_HIV_INCD,KG08,,PER_1000_UNINFECTED_POP,0.208662
2013,A,0,C,A,N,SH_HIV_INCD,KG08,,PER_1000_UNINFECTED_POP,0.139698
2014,A,0,C,A,N,SH_HIV_INCD,KG08,,PER_1000_UNINFECTED_POP,0.157694
2015,A,0,C,A,N,SH_HIV_INCD,KG08,,PER_1000_UNINFECTED_POP,0.186081
2016,A,0,C,A,N,SH_HIV_INCD,KG08,,PER_1000_UNINFECTED_POP,0.224264
2017,A,0,C,A,N,SH_HIV_INCD,KG08,,PER_1000_UNINFECTED_POP,0.224326
2018,A,0,C,A,N,SH_HIV_INCD,KG08,,PER_1000_UNINFECTED_POP,0.1777
2019,A,0,C,A,N,SH_HIV_INCD,KG08,,PER_1000_UNINFECTED_POP,0.2
2007,A,0,C,A,N,SH_HIV_INCD,KG08,,PER_1000_UNINFECTED_POP,0.198252
2008,A,0,C,A,N,SH_HIV_INCD,KG08,,PER_1000_UNINFECTED_POP,0.349739
2009,A,0,C,A,N,SH_HIV_INCD,KG08,,PER_1000_UNINFECTED_POP,0.559424
2010,A,0,C,A,N,SH_HIV_INCD,KG08,,PER_1000_UNINFECTED_POP,0.413939
2011,A,0,C,A,N,SH_HIV_INCD,KG08,,PER_1000_UNINFECTED_POP,0.402572
2012,A,0,C,A,N,SH_HIV_INCD,KG08,,PER_1000_UNINFECTED_POP,0.28395
2013,A,0,C,A,N,SH_HIV_INCD,KG08,,PER_1000_UNINFECTED_POP,0.232961
2014,A,0,C,A,N,SH_HIV_INCD,KG08,,PER_1000_UNINFECTED_POP,0.289906
2015,A,0,C,A,N,SH_HIV_INCD,KG08,,PER_1000_UNINFECTED_POP,0.191824
2016,A,0,C,A,N,SH_HIV_INCD,KG08,,PER_1000_UNINFECTED_POP,0.364877
2017,A,0,C,A,N,SH_HIV_INCD,KG08,,PER_1000_UNINFECTED_POP,0.391491
2018,A,0,C,A,N,SH_HIV_INCD,KG08,,PER_1000_UNINFECTED_POP,0.294436
2019,A,0,C,A,N,SH_HIV_INCD,KG08,,PER_1000_UNINFECTED_POP,0.3
2007,A,0,C,A,N,SH_HIV_INCD,KG11,,PER_1000_UNINFECTED_POP,0.055035
2008,A,0,C,A,N,SH_HIV_INCD,KG11,,PER_1000_UNINFECTED_POP,0.080992
2009,A,0,C,A,N,SH_HIV_INCD,KG11,,PER_1000_UNINFECTED_POP,0.09173
2010,A,0,C,A,N,SH_HIV_INCD,KG11,,PER_1000_UNINFECTED_POP,0.106677
2011,A,0,C,A,N,SH_HIV_INCD,KG11,,PER_1000_UNINFECTED_POP,0.123418
2012,A,0,C,A,N,SH_HIV_INCD,KG11,,PER_1000_UNINFECTED_POP,0.088198
2013,A,0,C,A,N,SH_HIV_INCD,KG11,,PER_1000_UNINFECTED_POP,0.106075
2014,A,0,C,A,N,SH_HIV_INCD,KG11,,PER_1000_UNINFECTED_POP,0.097148
2015,A,0,C,A,N,SH_HIV_INCD,KG11,,PER_1000_UNINFECTED_POP,0.12239
2016,A,0,C,A,N,SH_HIV_INCD,KG11,,PER_1000_UNINFECTED_POP,0.133088
2017,A,0,C,A,N,SH_HIV_INCD,KG11,,PER_1000_UNINFECTED_POP,0.130155
2018,A,0,C,A,N,SH_HIV_INCD,KG11,,PER_1000_UNINFECTED_POP,0.312507
2019,A,0,C,A,N,SH_HIV_INCD,KG11,,PER_1000_UNINFECTED_POP,0.3
2007,A,0,C,A,N,SH_HIV_INCD,KG11,,PER_1000_UNINFECTED_POP,0.029708
2008,A,0,C,A,N,SH_HIV_INCD,KG11,,PER_1000_UNINFECTED_POP,0.054108
2009,A,0,C,A,N,SH_HIV_INCD,KG11,,PER_1000_UNINFECTED_POP,0.037758
2010,A,0,C,A,N,SH_HIV_INCD,KG11,,PER_1000_UNINFECTED_POP,0.045935
2011,A,0,C,A,N,SH_HIV_INCD,KG11,,PER_1000_UNINFECTED_POP,0.051685
2012,A,0,C,A,N,SH_HIV_INCD,KG11,,PER_1000_UNINFECTED_POP,0.040147
2013,A,0,C,A,N,SH_HIV_INCD,KG11,,PER_1000_UNINFECTED_POP,0.049603
2014,A,0,C,A,N,SH_HIV_INCD,KG11,,PER_1000_UNINFECTED_POP,0.086917
2015,A,0,C,A,N,SH_HIV_INCD,KG11,,PER_1000_UNINFECTED_POP,0.085076
2016,A,0,C,A,N,SH_HIV_INCD,KG11,,PER_1000_UNINFECTED_POP,0.096837
2017,A,0,C,A,N,SH_HIV_INCD,KG11,,PER_1000_UNINFECTED_POP,0.081494
2018,A,0,C,A,N,SH_HIV_INCD,KG11,,PER_1000_UNINFECTED_POP,0.192747
2019,A,0,C,A,N,SH_HIV_INCD,KG11,,PER_1000_UNINFECTED_POP,0.3
2007,A,0,C,A,N,SH_HIV_INCD,KG11,,PER_1000_UNINFECTED_POP,0.084195
2008,A,0,C,A,N,SH_HIV_INCD,KG11,,PER_1000_UNINFECTED_POP,0.112071
2009,A,0,C,A,N,SH_HIV_INCD,KG11,,PER_1000_UNINFECTED_POP,0.15417
2010,A,0,C,A,N,SH_HIV_INCD,KG11,,PER_1000_UNINFECTED_POP,0.176827
2011,A,0,C,A,N,SH_HIV_INCD,KG11,,PER_1000_UNINFECTED_POP,0.206149
2012,A,0,C,A,N,SH_HIV_INCD,KG11,,PER_1000_UNINFECTED_POP,0.143512
2013,A,0,C,A,N,SH_HIV_INCD,KG11,,PER_1000_UNINFECTED_POP,0.17095
2014,A,0,C,A,N,SH_HIV_INCD,KG11,,PER_1000_UNINFECTED_POP,0.108873
2015,A,0,C,A,N,SH_HIV_INCD,KG11,,PER_1000_UNINFECTED_POP,0.165022
2016,A,0,C,A,N,SH_HIV_INCD,KG11,,PER_1000_UNINFECTED_POP,0.174411
2017,A,0,C,A,N,SH_HIV_INCD,KG11,,PER_1000_UNINFECTED_POP,0.185553
2018,A,0,C,A,N,SH_HIV_INCD,KG11,,PER_1000_UNINFECTED_POP,0.4486
2019,A,0,C,A,N,SH_HIV_INCD,KG11,,PER_1000_UNINFECTED_POP,0.5
2007,A,0,C,A,N,SH_HIV_INCD,KG21,,PER_1000_UNINFECTED_POP,0.34344
2008,A,0,C,A,N,SH_HIV_INCD,KG21,,PER_1000_UNINFECTED_POP,0.244722
2009,A,0,C,A,N,SH_HIV_INCD,KG21,,PER_1000_UNINFECTED_POP,0.495299
2010,A,0,C,A,N,SH_HIV_INCD,KG21,,PER_1000_UNINFECTED_POP,0.295259
2011,A,0,C,A,N,SH_HIV_INCD,KG21,,PER_1000_UNINFECTED_POP,0.23457
2012,A,0,C,A,N,SH_HIV_INCD,KG21,,PER_1000_UNINFECTED_POP,0.255731
2013,A,0,C,A,N,SH_HIV_INCD,KG21,,PER_1000_UNINFECTED_POP,0.190275
2014,A,0,C,A,N,SH_HIV_INCD,KG21,,PER_1000_UNINFECTED_POP,0.212932
2015,A,0,C,A,N,SH_HIV_INCD,KG21,,PER_1000_UNINFECTED_POP,0.150194
2016,A,0,C,A,N,SH_HIV_INCD,KG21,,PER_1000_UNINFECTED_POP,0.190109
2017,A,0,C,A,N,SH_HIV_INCD,KG21,,PER_1000_UNINFECTED_POP,0.150703
2018,A,0,C,A,N,SH_HIV_INCD,KG21,,PER_1000_UNINFECTED_POP,0.166617
2019,A,0,C,A,N,SH_HIV_INCD,KG21,,PER_1000_UNINFECTED_POP,0.2
2007,A,0,C,A,N,SH_HIV_INCD,KG21,,PER_1000_UNINFECTED_POP,0.127494
2008,A,0,C,A,N,SH_HIV_INCD,KG21,,PER_1000_UNINFECTED_POP,0.119412
2009,A,0,C,A,N,SH_HIV_INCD,KG21,,PER_1000_UNINFECTED_POP,0.260529
2010,A,0,C,A,N,SH_HIV_INCD,KG21,,PER_1000_UNINFECTED_POP,0.179244
2011,A,0,C,A,N,SH_HIV_INCD,KG21,,PER_1000_UNINFECTED_POP,0.165104
2012,A,0,C,A,N,SH_HIV_INCD,KG21,,PER_1000_UNINFECTED_POP,0.208416
2013,A,0,C,A,N,SH_HIV_INCD,KG21,,PER_1000_UNINFECTED_POP,0.190447
2014,A,0,C,A,N,SH_HIV_INCD,KG21,,PER_1000_UNINFECTED_POP,0.230489
2015,A,0,C,A,N,SH_HIV_INCD,KG21,,PER_1000_UNINFECTED_POP,0.120243
2016,A,0,C,A,N,SH_HIV_INCD,KG21,,PER_1000_UNINFECTED_POP,0.187213
2017,A,0,C,A,N,SH_HIV_INCD,KG21,,PER_1000_UNINFECTED_POP,0.14241
2018,A,0,C,A,N,SH_HIV_INCD,KG21,,PER_1000_UNINFECTED_POP,0.151575
2019,A,0,C,A,N,SH_HIV_INCD,KG21,,PER_1000_UNINFECTED_POP,0.1
2007,A,0,C,A,N,SH_HIV_INCD,KG21,,PER_1000_UNINFECTED_POP,0.577748
2008,A,0,C,A,N,SH_HIV_INCD,KG21,,PER_1000_UNINFECTED_POP,0.380736
2009,A,0,C,A,N,SH_HIV_INCD,KG21,,PER_1000_UNINFECTED_POP,0.749468
2010,A,0,C,A,N,SH_HIV_INCD,KG21,,PER_1000_UNINFECTED_POP,0.421036
2011,A,0,C,A,N,SH_HIV_INCD,KG21,,PER_1000_UNINFECTED_POP,0.310108
2012,A,0,C,A,N,SH_HIV_INCD,KG21,,PER_1000_UNINFECTED_POP,0.307103
2013,A,0,C,A,N,SH_HIV_INCD,KG21,,PER_1000_UNINFECTED_POP,0.19009
2014,A,0,C,A,N,SH_HIV_INCD,KG21,,PER_1000_UNINFECTED_POP,0.194015
2015,A,0,C,A,N,SH_HIV_INCD,KG21,,PER_1000_UNINFECTED_POP,0.182369
2016,A,0,C,A,N,SH_HIV_INCD,KG21,,PER_1000_UNINFECTED_POP,0.193214
2017,A,0,C,A,N,SH_HIV_INCD,KG21,,PER_1000_UNINFECTED_POP,0.159574
2018,A,0,C,A,N,SH_HIV_INCD,KG21,,PER_1000_UNINFECTED_POP,0.182651
2019,A,0,C,A,N,SH_HIV_INCD,KG21,,PER_1000_UNINFECTED_POP,0.2
2007,A,0,C,A,N,SH_HIV_INCD,KG,Y0T14,PER_1000_UNINFECTED_POP,0.028575
2008,A,0,C,A,N,SH_HIV_INCD,KG,Y0T14,PER_1000_UNINFECTED_POP,0.060681
2009,A,0,C,A,N,SH_HIV_INCD,KG,Y0T14,PER_1000_UNINFECTED_POP,0.030757
2010,A,0,C,A,N,SH_HIV_INCD,KG,Y0T14,PER_1000_UNINFECTED_POP,0.026761
2011,A,0,C,A,N,SH_HIV_INCD,KG,Y0T14,PER_1000_UNINFECTED_POP,0.034624
2012,A,0,C,A,N,SH_HIV_INCD,KG,Y0T14,PER_1000_UNINFECTED_POP,0.091373
2013,A,0,C,A,N,SH_HIV_INCD,KG,Y0T14,PER_1000_UNINFECTED_POP,0.01358
2014,A,0,C,A,N,SH_HIV_INCD,KG,Y0T14,PER_1000_UNINFECTED_POP,0.019784
2015,A,0,C,A,N,SH_HIV_INCD,KG,Y0T14,PER_1000_UNINFECTED_POP,0.016499
2016,A,0,C,A,N,SH_HIV_INCD,KG,Y0T14,PER_1000_UNINFECTED_POP,0.0165
2017,A,0,C,A,N,SH_HIV_INCD,KG,Y0T14,PER_1000_UNINFECTED_POP,0.015035
2018,A,0,C,A,N,SH_HIV_INCD,KG,Y0T14,PER_1000_UNINFECTED_POP,0.016559
2019,A,0,C,A,N,SH_HIV_INCD,KG,Y0T14,PER_1000_UNINFECTED_POP,0.013237
2007,A,0,C,A,N,SH_HIV_INCD,KG,Y15T24,PER_1000_UNINFECTED_POP,0.11669
2008,A,0,C,A,N,SH_HIV_INCD,KG,Y15T24,PER_1000_UNINFECTED_POP,0.148212
2009,A,0,C,A,N,SH_HIV_INCD,KG,Y15T24,PER_1000_UNINFECTED_POP,0.214585
2010,A,0,C,A,N,SH_HIV_INCD,KG,Y15T24,PER_1000_UNINFECTED_POP,0.174198
2011,A,0,C,A,N,SH_HIV_INCD,KG,Y15T24,PER_1000_UNINFECTED_POP,0.177296
2012,A,0,C,A,N,SH_HIV_INCD,KG,Y15T24,PER_1000_UNINFECTED_POP,0.178004
2013,A,0,C,A,N,SH_HIV_INCD,KG,Y15T24,PER_1000_UNINFECTED_POP,0.14731
2014,A,0,C,A,N,SH_HIV_INCD,KG,Y15T24,PER_1000_UNINFECTED_POP,0.173101
2015,A,0,C,A,N,SH_HIV_INCD,KG,Y15T24,PER_1000_UNINFECTED_POP,0.165554
2016,A,0,C,A,N,SH_HIV_INCD,KG,Y15T24,PER_1000_UNINFECTED_POP,0.199817
2017,A,0,C,A,N,SH_HIV_INCD,KG,Y15T24,PER_1000_UNINFECTED_POP,0.220635
2018,A,0,C,A,N,SH_HIV_INCD,KG,Y15T24,PER_1000_UNINFECTED_POP,0.216018
2019,A,0,C,A,N,SH_HIV_INCD,KG,Y15T24,PER_1000_UNINFECTED_POP,0.067974
2007,A,0,C,A,N,SH_HIV_INCD,KG,Y_GE25,PER_1000_UNINFECTED_POP,0.11669
2008,A,0,C,A,N,SH_HIV_INCD,KG,Y_GE25,PER_1000_UNINFECTED_POP,0.148212
2009,A,0,C,A,N,SH_HIV_INCD,KG,Y_GE25,PER_1000_UNINFECTED_POP,0.214585
2010,A,0,C,A,N,SH_HIV_INCD,KG,Y_GE25,PER_1000_UNINFECTED_POP,0.174198
2011,A,0,C,A,N,SH_HIV_INCD,KG,Y_GE25,PER_1000_UNINFECTED_POP,0.177296
2012,A,0,C,A,N,SH_HIV_INCD,KG,Y_GE25,PER_1000_UNINFECTED_POP,0.178004
2013,A,0,C,A,N,SH_HIV_INCD,KG,Y_GE25,PER_1000_UNINFECTED_POP,0.14731
2014,A,0,C,A,N,SH_HIV_INCD,KG,Y_GE25,PER_1000_UNINFECTED_POP,0.173101
2015,A,0,C,A,N,SH_HIV_INCD,KG,Y_GE25,PER_1000_UNINFECTED_POP,0.165554
2016,A,0,C,A,N,SH_HIV_INCD,KG,Y_GE25,PER_1000_UNINFECTED_POP,0.199817
2017,A,0,C,A,N,SH_HIV_INCD,KG,Y_GE25,PER_1000_UNINFECTED_POP,0.220635
2018,A,0,C,A,N,SH_HIV_INCD,KG,Y_GE25,PER_1000_UNINFECTED_POP,0.216018
2019,A,0,C,A,N,SH_HIV_INCD,KG,Y_GE25,PER_1000_UNINFECTED_POP,0.136237
