Year,OBS_STATUS,UNIT_MULT,NATURE,FREQ,REPORTING_TYPE,SERIES,REF_AREA,UNIT_MEASURE,Value
2007,A,0,C,A,N,SH_ACS_DTP3,KG,PT,94.1
2008,A,0,C,A,N,SH_ACS_DTP3,KG,PT,95.3
2009,A,0,C,A,N,SH_ACS_DTP3,KG,PT,95.4
2010,A,0,C,A,N,SH_ACS_DTP3,KG,PT,96.5
2011,A,0,C,A,N,SH_ACS_DTP3,KG,PT,95.1
2012,A,0,C,A,N,SH_ACS_DTP3,KG,PT,96.2
2013,A,0,C,A,N,SH_ACS_DTP3,KG,PT,96.9
2014,A,0,C,A,N,SH_ACS_DTP3,KG,PT,95.8
2015,A,0,C,A,N,SH_ACS_DTP3,KG,PT,96.6
2016,A,0,C,A,N,SH_ACS_DTP3,KG,PT,96.1
2017,A,0,C,A,N,SH_ACS_DTP3,KG,PT,93.4
2018,A,0,C,A,N,SH_ACS_DTP3,KG,PT,94.5
2019,A,0,C,A,N,SH_ACS_DTP3,KG,PT,94.351083
2007,A,0,C,A,N,SH_ACS_DTP3,KG05,PT,93.4
2008,A,0,C,A,N,SH_ACS_DTP3,KG05,PT,96.8
2009,A,0,C,A,N,SH_ACS_DTP3,KG05,PT,95.4
2010,A,0,C,A,N,SH_ACS_DTP3,KG05,PT,96.8
2011,A,0,C,A,N,SH_ACS_DTP3,KG05,PT,96.7
2012,A,0,C,A,N,SH_ACS_DTP3,KG05,PT,98.3
2013,A,0,C,A,N,SH_ACS_DTP3,KG05,PT,97.7
2014,A,0,C,A,N,SH_ACS_DTP3,KG05,PT,98.9
2015,A,0,C,A,N,SH_ACS_DTP3,KG05,PT,98.6
2016,A,0,C,A,N,SH_ACS_DTP3,KG05,PT,98.1
2017,A,0,C,A,N,SH_ACS_DTP3,KG05,PT,96.7
2018,A,0,C,A,N,SH_ACS_DTP3,KG05,PT,96.6
2019,A,0,C,A,N,SH_ACS_DTP3,KG05,PT,98.322619
2007,A,0,C,A,N,SH_ACS_DTP3,KG03,PT,93.6
2008,A,0,C,A,N,SH_ACS_DTP3,KG03,PT,95.6
2009,A,0,C,A,N,SH_ACS_DTP3,KG03,PT,95.9
2010,A,0,C,A,N,SH_ACS_DTP3,KG03,PT,95.9
2011,A,0,C,A,N,SH_ACS_DTP3,KG03,PT,94.2
2012,A,0,C,A,N,SH_ACS_DTP3,KG03,PT,95.9
2013,A,0,C,A,N,SH_ACS_DTP3,KG03,PT,97.8
2014,A,0,C,A,N,SH_ACS_DTP3,KG03,PT,94.8
2015,A,0,C,A,N,SH_ACS_DTP3,KG03,PT,96.1
2016,A,0,C,A,N,SH_ACS_DTP3,KG03,PT,95.8
2017,A,0,C,A,N,SH_ACS_DTP3,KG03,PT,93.8
2018,A,0,C,A,N,SH_ACS_DTP3,KG03,PT,96.1
2019,A,0,C,A,N,SH_ACS_DTP3,KG03,PT,90.174029
2007,A,0,C,A,N,SH_ACS_DTP3,KG02,PT,93.9
2008,A,0,C,A,N,SH_ACS_DTP3,KG02,PT,95.2
2009,A,0,C,A,N,SH_ACS_DTP3,KG02,PT,95.3
2010,A,0,C,A,N,SH_ACS_DTP3,KG02,PT,97.2
2011,A,0,C,A,N,SH_ACS_DTP3,KG02,PT,93.6
2012,A,0,C,A,N,SH_ACS_DTP3,KG02,PT,96.9
2013,A,0,C,A,N,SH_ACS_DTP3,KG02,PT,97.3
2014,A,0,C,A,N,SH_ACS_DTP3,KG02,PT,91.3
2015,A,0,C,A,N,SH_ACS_DTP3,KG02,PT,98.0
2016,A,0,C,A,N,SH_ACS_DTP3,KG02,PT,95.9
2017,A,0,C,A,N,SH_ACS_DTP3,KG02,PT,96.1
2018,A,0,C,A,N,SH_ACS_DTP3,KG02,PT,95.0
2019,A,0,C,A,N,SH_ACS_DTP3,KG02,PT,94.575714
2007,A,0,C,A,N,SH_ACS_DTP3,KG04,PT,94.4
2008,A,0,C,A,N,SH_ACS_DTP3,KG04,PT,95.2
2009,A,0,C,A,N,SH_ACS_DTP3,KG04,PT,95.3
2010,A,0,C,A,N,SH_ACS_DTP3,KG04,PT,96.8
2011,A,0,C,A,N,SH_ACS_DTP3,KG04,PT,95.5
2012,A,0,C,A,N,SH_ACS_DTP3,KG04,PT,97.4
2013,A,0,C,A,N,SH_ACS_DTP3,KG04,PT,98.0
2014,A,0,C,A,N,SH_ACS_DTP3,KG04,PT,97.6
2015,A,0,C,A,N,SH_ACS_DTP3,KG04,PT,97.2
2016,A,0,C,A,N,SH_ACS_DTP3,KG04,PT,96.8
2017,A,0,C,A,N,SH_ACS_DTP3,KG04,PT,97.0
2018,A,0,C,A,N,SH_ACS_DTP3,KG04,PT,94.8
2019,A,0,C,A,N,SH_ACS_DTP3,KG04,PT,97.59292
2007,A,0,C,A,N,SH_ACS_DTP3,KG06,PT,94.4
2008,A,0,C,A,N,SH_ACS_DTP3,KG06,PT,94.5
2009,A,0,C,A,N,SH_ACS_DTP3,KG06,PT,95.1
2010,A,0,C,A,N,SH_ACS_DTP3,KG06,PT,95.5
2011,A,0,C,A,N,SH_ACS_DTP3,KG06,PT,93.6
2012,A,0,C,A,N,SH_ACS_DTP3,KG06,PT,93.0
2013,A,0,C,A,N,SH_ACS_DTP3,KG06,PT,96.2
2014,A,0,C,A,N,SH_ACS_DTP3,KG06,PT,98.3
2015,A,0,C,A,N,SH_ACS_DTP3,KG06,PT,97.1
2016,A,0,C,A,N,SH_ACS_DTP3,KG06,PT,98.5
2017,A,0,C,A,N,SH_ACS_DTP3,KG06,PT,96.6
2018,A,0,C,A,N,SH_ACS_DTP3,KG06,PT,95.8
2019,A,0,C,A,N,SH_ACS_DTP3,KG06,PT,99.33564
2007,A,0,C,A,N,SH_ACS_DTP3,KG07,PT,94.0
2008,A,0,C,A,N,SH_ACS_DTP3,KG07,PT,94.8
2009,A,0,C,A,N,SH_ACS_DTP3,KG07,PT,94.6
2010,A,0,C,A,N,SH_ACS_DTP3,KG07,PT,96.8
2011,A,0,C,A,N,SH_ACS_DTP3,KG07,PT,95.3
2012,A,0,C,A,N,SH_ACS_DTP3,KG07,PT,96.0
2013,A,0,C,A,N,SH_ACS_DTP3,KG07,PT,96.2
2014,A,0,C,A,N,SH_ACS_DTP3,KG07,PT,93.4
2015,A,0,C,A,N,SH_ACS_DTP3,KG07,PT,96.8
2016,A,0,C,A,N,SH_ACS_DTP3,KG07,PT,95.2
2017,A,0,C,A,N,SH_ACS_DTP3,KG07,PT,93.1
2018,A,0,C,A,N,SH_ACS_DTP3,KG07,PT,95.3
2019,A,0,C,A,N,SH_ACS_DTP3,KG07,PT,92.698706
2007,A,0,C,A,N,SH_ACS_DTP3,KG08,PT,94.0
2008,A,0,C,A,N,SH_ACS_DTP3,KG08,PT,95.5
2009,A,0,C,A,N,SH_ACS_DTP3,KG08,PT,95.5
2010,A,0,C,A,N,SH_ACS_DTP3,KG08,PT,96.3
2011,A,0,C,A,N,SH_ACS_DTP3,KG08,PT,96.8
2012,A,0,C,A,N,SH_ACS_DTP3,KG08,PT,97.6
2013,A,0,C,A,N,SH_ACS_DTP3,KG08,PT,96.3
2014,A,0,C,A,N,SH_ACS_DTP3,KG08,PT,96.0
2015,A,0,C,A,N,SH_ACS_DTP3,KG08,PT,97.0
2016,A,0,C,A,N,SH_ACS_DTP3,KG08,PT,97.5
2017,A,0,C,A,N,SH_ACS_DTP3,KG08,PT,91.8
2018,A,0,C,A,N,SH_ACS_DTP3,KG08,PT,92.5
2019,A,0,C,A,N,SH_ACS_DTP3,KG08,PT,91.652622
2007,A,0,C,A,N,SH_ACS_DTP3,KG11,PT,95.0
2008,A,0,C,A,N,SH_ACS_DTP3,KG11,PT,94.9
2009,A,0,C,A,N,SH_ACS_DTP3,KG11,PT,95.5
2010,A,0,C,A,N,SH_ACS_DTP3,KG11,PT,96.8
2011,A,0,C,A,N,SH_ACS_DTP3,KG11,PT,96.4
2012,A,0,C,A,N,SH_ACS_DTP3,KG11,PT,97.2
2013,A,0,C,A,N,SH_ACS_DTP3,KG11,PT,96.6
2014,A,0,C,A,N,SH_ACS_DTP3,KG11,PT,93.7
2015,A,0,C,A,N,SH_ACS_DTP3,KG11,PT,94.0
2016,A,0,C,A,N,SH_ACS_DTP3,KG11,PT,90.5
2017,A,0,C,A,N,SH_ACS_DTP3,KG11,PT,86.5
2018,A,0,C,A,N,SH_ACS_DTP3,KG11,PT,90.3
2019,A,0,C,A,N,SH_ACS_DTP3,KG11,PT,92.018905
2007,A,0,C,A,N,SH_ACS_DTP3,KG21,PT,95.2
2008,A,0,C,A,N,SH_ACS_DTP3,KG21,PT,96.7
2009,A,0,C,A,N,SH_ACS_DTP3,KG21,PT,95.4
2010,A,0,C,A,N,SH_ACS_DTP3,KG21,PT,95.7
2011,A,0,C,A,N,SH_ACS_DTP3,KG21,PT,95.2
2012,A,0,C,A,N,SH_ACS_DTP3,KG21,PT,98.5
2013,A,0,C,A,N,SH_ACS_DTP3,KG21,PT,99.2
2014,A,0,C,A,N,SH_ACS_DTP3,KG21,PT,96.0
2015,A,0,C,A,N,SH_ACS_DTP3,KG21,PT,97.6
2016,A,0,C,A,N,SH_ACS_DTP3,KG21,PT,96.7
2017,A,0,C,A,N,SH_ACS_DTP3,KG21,PT,98.0
2018,A,0,C,A,N,SH_ACS_DTP3,KG21,PT,95.2
2019,A,0,C,A,N,SH_ACS_DTP3,KG21,PT,95.586032
2007,A,0,C,A,N,SH_ACS_MCV2,KG,PT,98.8
2008,A,0,C,A,N,SH_ACS_MCV2,KG,PT,99.1
2009,A,0,C,A,N,SH_ACS_MCV2,KG,PT,98.9
2010,A,0,C,A,N,SH_ACS_MCV2,KG,PT,98.3
2011,A,0,C,A,N,SH_ACS_MCV2,KG,PT,97.2
2012,A,0,C,A,N,SH_ACS_MCV2,KG,PT,97.7
2013,A,0,C,A,N,SH_ACS_MCV2,KG,PT,98.666102
2014,A,0,C,A,N,SH_ACS_MCV2,KG,PT,95.6
2015,A,0,C,A,N,SH_ACS_MCV2,KG,PT,99.1
2016,A,0,C,A,N,SH_ACS_MCV2,KG,PT,97.0
2017,A,0,C,A,N,SH_ACS_MCV2,KG,PT,94.7
2018,A,0,C,A,N,SH_ACS_MCV2,KG,PT,96.244215
2019,A,0,C,A,N,SH_ACS_MCV2,KG,PT,97.245414
2007,A,0,C,A,N,SH_ACS_MCV2,KG05,PT,99.2
2008,A,0,C,A,N,SH_ACS_MCV2,KG05,PT,99.0
2009,A,0,C,A,N,SH_ACS_MCV2,KG05,PT,99.9
2010,A,0,C,A,N,SH_ACS_MCV2,KG05,PT,97.2
2011,A,0,C,A,N,SH_ACS_MCV2,KG05,PT,95.7
2012,A,0,C,A,N,SH_ACS_MCV2,KG05,PT,100.0
2013,A,0,C,A,N,SH_ACS_MCV2,KG05,PT,99.9
2014,A,0,C,A,N,SH_ACS_MCV2,KG05,PT,98.9
2015,A,0,C,A,N,SH_ACS_MCV2,KG05,PT,97.6
2016,A,0,C,A,N,SH_ACS_MCV2,KG05,PT,99.9
2017,A,0,C,A,N,SH_ACS_MCV2,KG05,PT,98.7
2018,A,0,C,A,N,SH_ACS_MCV2,KG05,PT,92.454654
2019,A,0,C,A,N,SH_ACS_MCV2,KG05,PT,98.254513
2007,A,0,C,A,N,SH_ACS_MCV2,KG03,PT,97.8
2008,A,0,C,A,N,SH_ACS_MCV2,KG03,PT,99.2
2009,A,0,C,A,N,SH_ACS_MCV2,KG03,PT,98.3
2010,A,0,C,A,N,SH_ACS_MCV2,KG03,PT,98.3
2011,A,0,C,A,N,SH_ACS_MCV2,KG03,PT,100.0
2012,A,0,C,A,N,SH_ACS_MCV2,KG03,PT,99.0
2013,A,0,C,A,N,SH_ACS_MCV2,KG03,PT,99.6
2014,A,0,C,A,N,SH_ACS_MCV2,KG03,PT,91.7
2015,A,0,C,A,N,SH_ACS_MCV2,KG03,PT,100.0
2016,A,0,C,A,N,SH_ACS_MCV2,KG03,PT,95.7
2017,A,0,C,A,N,SH_ACS_MCV2,KG03,PT,88.8
2018,A,0,C,A,N,SH_ACS_MCV2,KG03,PT,93.49863
2019,A,0,C,A,N,SH_ACS_MCV2,KG03,PT,93.035179
2007,A,0,C,A,N,SH_ACS_MCV2,KG02,PT,99.0
2008,A,0,C,A,N,SH_ACS_MCV2,KG02,PT,99.7
2009,A,0,C,A,N,SH_ACS_MCV2,KG02,PT,99.7
2010,A,0,C,A,N,SH_ACS_MCV2,KG02,PT,99.2
2011,A,0,C,A,N,SH_ACS_MCV2,KG02,PT,96.9
2012,A,0,C,A,N,SH_ACS_MCV2,KG02,PT,95.7
2013,A,0,C,A,N,SH_ACS_MCV2,KG02,PT,97.4
2014,A,0,C,A,N,SH_ACS_MCV2,KG02,PT,95.6
2015,A,0,C,A,N,SH_ACS_MCV2,KG02,PT,98.9
2016,A,0,C,A,N,SH_ACS_MCV2,KG02,PT,97.7
2017,A,0,C,A,N,SH_ACS_MCV2,KG02,PT,95.1
2018,A,0,C,A,N,SH_ACS_MCV2,KG02,PT,96.51199
2019,A,0,C,A,N,SH_ACS_MCV2,KG02,PT,97.67698
2007,A,0,C,A,N,SH_ACS_MCV2,KG04,PT,99.4
2008,A,0,C,A,N,SH_ACS_MCV2,KG04,PT,99.1
2009,A,0,C,A,N,SH_ACS_MCV2,KG04,PT,98.9
2010,A,0,C,A,N,SH_ACS_MCV2,KG04,PT,99.5
2011,A,0,C,A,N,SH_ACS_MCV2,KG04,PT,96.7
2012,A,0,C,A,N,SH_ACS_MCV2,KG04,PT,97.6
2013,A,0,C,A,N,SH_ACS_MCV2,KG04,PT,97.3
2014,A,0,C,A,N,SH_ACS_MCV2,KG04,PT,97.7
2015,A,0,C,A,N,SH_ACS_MCV2,KG04,PT,98.1
2016,A,0,C,A,N,SH_ACS_MCV2,KG04,PT,98.1
2017,A,0,C,A,N,SH_ACS_MCV2,KG04,PT,97.0
2018,A,0,C,A,N,SH_ACS_MCV2,KG04,PT,97.646444
2019,A,0,C,A,N,SH_ACS_MCV2,KG04,PT,98.140747
2007,A,0,C,A,N,SH_ACS_MCV2,KG06,PT,98.9
2008,A,0,C,A,N,SH_ACS_MCV2,KG06,PT,99.5
2009,A,0,C,A,N,SH_ACS_MCV2,KG06,PT,99.8
2010,A,0,C,A,N,SH_ACS_MCV2,KG06,PT,99.7
2011,A,0,C,A,N,SH_ACS_MCV2,KG06,PT,94.7
2012,A,0,C,A,N,SH_ACS_MCV2,KG06,PT,96.6
2013,A,0,C,A,N,SH_ACS_MCV2,KG06,PT,97.9
2014,A,0,C,A,N,SH_ACS_MCV2,KG06,PT,96.1
2015,A,0,C,A,N,SH_ACS_MCV2,KG06,PT,99.0
2016,A,0,C,A,N,SH_ACS_MCV2,KG06,PT,99.2
2017,A,0,C,A,N,SH_ACS_MCV2,KG06,PT,96.8
2018,A,0,C,A,N,SH_ACS_MCV2,KG06,PT,98.10916
2019,A,0,C,A,N,SH_ACS_MCV2,KG06,PT,99.619945
2007,A,0,C,A,N,SH_ACS_MCV2,KG07,PT,98.6
2008,A,0,C,A,N,SH_ACS_MCV2,KG07,PT,99.2
2009,A,0,C,A,N,SH_ACS_MCV2,KG07,PT,97.6
2010,A,0,C,A,N,SH_ACS_MCV2,KG07,PT,97.1
2011,A,0,C,A,N,SH_ACS_MCV2,KG07,PT,97.7
2012,A,0,C,A,N,SH_ACS_MCV2,KG07,PT,98.8
2013,A,0,C,A,N,SH_ACS_MCV2,KG07,PT,97.7
2014,A,0,C,A,N,SH_ACS_MCV2,KG07,PT,94.3
2015,A,0,C,A,N,SH_ACS_MCV2,KG07,PT,97.1
2016,A,0,C,A,N,SH_ACS_MCV2,KG07,PT,97.0
2017,A,0,C,A,N,SH_ACS_MCV2,KG07,PT,95.6
2018,A,0,C,A,N,SH_ACS_MCV2,KG07,PT,98.413291
2019,A,0,C,A,N,SH_ACS_MCV2,KG07,PT,95.974889
2007,A,0,C,A,N,SH_ACS_MCV2,KG08,PT,99.1
2008,A,0,C,A,N,SH_ACS_MCV2,KG08,PT,97.4
2009,A,0,C,A,N,SH_ACS_MCV2,KG08,PT,98.7
2010,A,0,C,A,N,SH_ACS_MCV2,KG08,PT,96.4
2011,A,0,C,A,N,SH_ACS_MCV2,KG08,PT,97.1
2012,A,0,C,A,N,SH_ACS_MCV2,KG08,PT,96.4
2013,A,0,C,A,N,SH_ACS_MCV2,KG08,PT,99.3
2014,A,0,C,A,N,SH_ACS_MCV2,KG08,PT,96.5
2015,A,0,C,A,N,SH_ACS_MCV2,KG08,PT,98.6
2016,A,0,C,A,N,SH_ACS_MCV2,KG08,PT,95.0
2017,A,0,C,A,N,SH_ACS_MCV2,KG08,PT,96.3
2018,A,0,C,A,N,SH_ACS_MCV2,KG08,PT,97.43813
2019,A,0,C,A,N,SH_ACS_MCV2,KG08,PT,99.450649
2007,A,0,C,A,N,SH_ACS_MCV2,KG11,PT,99.8
2008,A,0,C,A,N,SH_ACS_MCV2,KG11,PT,99.9
2009,A,0,C,A,N,SH_ACS_MCV2,KG11,PT,98.6
2010,A,0,C,A,N,SH_ACS_MCV2,KG11,PT,99.0
2011,A,0,C,A,N,SH_ACS_MCV2,KG11,PT,97.4
2012,A,0,C,A,N,SH_ACS_MCV2,KG11,PT,97.7
2013,A,0,C,A,N,SH_ACS_MCV2,KG11,PT,98.4
2014,A,0,C,A,N,SH_ACS_MCV2,KG11,PT,95.6
2015,A,0,C,A,N,SH_ACS_MCV2,KG11,PT,99.8
2016,A,0,C,A,N,SH_ACS_MCV2,KG11,PT,95.1
2017,A,0,C,A,N,SH_ACS_MCV2,KG11,PT,91.7
2018,A,0,C,A,N,SH_ACS_MCV2,KG11,PT,96.281062
2019,A,0,C,A,N,SH_ACS_MCV2,KG11,PT,96.444387
2007,A,0,C,A,N,SH_ACS_MCV2,KG21,PT,98.8
2008,A,0,C,A,N,SH_ACS_MCV2,KG21,PT,98.9
2009,A,0,C,A,N,SH_ACS_MCV2,KG21,PT,98.2
2010,A,0,C,A,N,SH_ACS_MCV2,KG21,PT,97.4
2011,A,0,C,A,N,SH_ACS_MCV2,KG21,PT,99.7
2012,A,0,C,A,N,SH_ACS_MCV2,KG21,PT,98.1
2013,A,0,C,A,N,SH_ACS_MCV2,KG21,PT,98.7
2014,A,0,C,A,N,SH_ACS_MCV2,KG21,PT,99.9
2015,A,0,C,A,N,SH_ACS_MCV2,KG21,PT,99.7
2016,A,0,C,A,N,SH_ACS_MCV2,KG21,PT,96.8
2017,A,0,C,A,N,SH_ACS_MCV2,KG21,PT,97.7
2018,A,0,C,A,N,SH_ACS_MCV2,KG21,PT,99.425085
2019,A,0,C,A,N,SH_ACS_MCV2,KG21,PT,97.981883
2015,A,0,C,A,N,SH_ACS_PCV3,KG,PT,96.8
2016,A,0,C,A,N,SH_ACS_PCV3,KG,PT,97.2
2017,A,0,C,A,N,SH_ACS_PCV3,KG,PT,94.2
2018,A,0,C,A,N,SH_ACS_PCV3,KG,PT,92.0
2019,A,0,C,A,N,SH_ACS_PCV3,KG,PT,95.083643
2015,A,0,C,A,N,SH_ACS_PCV3,KG05,PT,97.3
2016,A,0,C,A,N,SH_ACS_PCV3,KG05,PT,99.3
2017,A,0,C,A,N,SH_ACS_PCV3,KG05,PT,96.3
2018,A,0,C,A,N,SH_ACS_PCV3,KG05,PT,94.6
2019,A,0,C,A,N,SH_ACS_PCV3,KG05,PT,99.597512
2015,A,0,C,A,N,SH_ACS_PCV3,KG03,PT,97.3
2016,A,0,C,A,N,SH_ACS_PCV3,KG03,PT,95.9
2017,A,0,C,A,N,SH_ACS_PCV3,KG03,PT,94.5
2018,A,0,C,A,N,SH_ACS_PCV3,KG03,PT,93.8
2019,A,0,C,A,N,SH_ACS_PCV3,KG03,PT,90.089857
2015,A,0,C,A,N,SH_ACS_PCV3,KG02,PT,98.2
2016,A,0,C,A,N,SH_ACS_PCV3,KG02,PT,96.4
2017,A,0,C,A,N,SH_ACS_PCV3,KG02,PT,96.3
2018,A,0,C,A,N,SH_ACS_PCV3,KG02,PT,95.0
2019,A,0,C,A,N,SH_ACS_PCV3,KG02,PT,94.992818
2015,A,0,C,A,N,SH_ACS_PCV3,KG04,PT,96.8
2016,A,0,C,A,N,SH_ACS_PCV3,KG04,PT,96.7
2017,A,0,C,A,N,SH_ACS_PCV3,KG04,PT,97.0
2018,A,0,C,A,N,SH_ACS_PCV3,KG04,PT,95.1
2019,A,0,C,A,N,SH_ACS_PCV3,KG04,PT,97.283381
2015,A,0,C,A,N,SH_ACS_PCV3,KG06,PT,96.3
2016,A,0,C,A,N,SH_ACS_PCV3,KG06,PT,98.8
2017,A,0,C,A,N,SH_ACS_PCV3,KG06,PT,97.2
2018,A,0,C,A,N,SH_ACS_PCV3,KG06,PT,92.1
2019,A,0,C,A,N,SH_ACS_PCV3,KG06,PT,98.41451
2015,A,0,C,A,N,SH_ACS_PCV3,KG07,PT,97.2
2016,A,0,C,A,N,SH_ACS_PCV3,KG07,PT,96.1
2017,A,0,C,A,N,SH_ACS_PCV3,KG07,PT,94.0
2018,A,0,C,A,N,SH_ACS_PCV3,KG07,PT,96.0
2019,A,0,C,A,N,SH_ACS_PCV3,KG07,PT,94.297841
2015,A,0,C,A,N,SH_ACS_PCV3,KG08,PT,97.6
2016,A,0,C,A,N,SH_ACS_PCV3,KG08,PT,98.7
2017,A,0,C,A,N,SH_ACS_PCV3,KG08,PT,92.6
2018,A,0,C,A,N,SH_ACS_PCV3,KG08,PT,92.1
2019,A,0,C,A,N,SH_ACS_PCV3,KG08,PT,94.916128
2015,A,0,C,A,N,SH_ACS_PCV3,KG11,PT,95.0
2016,A,0,C,A,N,SH_ACS_PCV3,KG11,PT,94.8
2017,A,0,C,A,N,SH_ACS_PCV3,KG11,PT,90.4
2018,A,0,C,A,N,SH_ACS_PCV3,KG11,PT,83.4
2019,A,0,C,A,N,SH_ACS_PCV3,KG11,PT,93.823491
2015,A,0,C,A,N,SH_ACS_PCV3,KG21,PT,97.9
2016,A,0,C,A,N,SH_ACS_PCV3,KG21,PT,96.8
2017,A,0,C,A,N,SH_ACS_PCV3,KG21,PT,90.0
2018,A,0,C,A,N,SH_ACS_PCV3,KG21,PT,93.9
2019,A,0,C,A,N,SH_ACS_PCV3,KG21,PT,95.896254
