Year,OBS_STATUS,UNIT_MULT,NATURE,FREQ,REPORTING_TYPE,SERIES,REF_AREA,SEX,AGE,URBANISATION,INCOME_WEALTH_QUANTILE,EDUCATION_LEV,UNIT_MEASURE,Value
2016,A,0,C,A,N,EG_ACS_ELEC,KG,,,,,,PT,76.7
2017,A,0,C,A,N,EG_ACS_ELEC,KG,,,,,,PT,79.6
2018,A,0,C,A,N,EG_ACS_ELEC,KG,,,,,,PT,75.7
2019,A,0,C,A,N,EG_ACS_ELEC,KG,,,,,,PT,76.1
2016,A,0,C,A,N,EG_ACS_ELEC,KG,,,U,,,PT,86.9
2017,A,0,C,A,N,EG_ACS_ELEC,KG,,,U,,,PT,88.4
2018,A,0,C,A,N,EG_ACS_ELEC,KG,,,U,,,PT,88.6
2019,A,0,C,A,N,EG_ACS_ELEC,KG,,,U,,,PT,90.5
2016,A,0,C,A,N,EG_ACS_ELEC,KG,,,R,,,PT,71.1
2017,A,0,C,A,N,EG_ACS_ELEC,KG,,,R,,,PT,74.8
2018,A,0,C,A,N,EG_ACS_ELEC,KG,,,R,,,PT,68.7
2019,A,0,C,A,N,EG_ACS_ELEC,KG,,,R,,,PT,68.0
2016,A,0,C,A,N,EG_ACS_ELEC,KG,M,,,,,PT,76.1
2017,A,0,C,A,N,EG_ACS_ELEC,KG,M,,,,,PT,79.2
2018,A,0,C,A,N,EG_ACS_ELEC,KG,M,,,,,PT,74.7
2019,A,0,C,A,N,EG_ACS_ELEC,KG,M,,,,,PT,75.1
2016,A,0,C,A,N,EG_ACS_ELEC,KG,F,,,,,PT,77.2
2017,A,0,C,A,N,EG_ACS_ELEC,KG,F,,,,,PT,80.0
2018,A,0,C,A,N,EG_ACS_ELEC,KG,F,,,,,PT,76.6
2019,A,0,C,A,N,EG_ACS_ELEC,KG,F,,,,,PT,76.9
2016,A,0,C,A,N,EG_ACS_ELEC,KG05,,,,,,PT,75.8
2017,A,0,C,A,N,EG_ACS_ELEC,KG05,,,,,,PT,70.8
2018,A,0,C,A,N,EG_ACS_ELEC,KG05,,,,,,PT,71.8
2019,A,0,C,A,N,EG_ACS_ELEC,KG05,,,,,,PT,71.6
2016,A,0,C,A,N,EG_ACS_ELEC,KG03,,,,,,PT,76.7
2017,A,0,C,A,N,EG_ACS_ELEC,KG03,,,,,,PT,74.4
2018,A,0,C,A,N,EG_ACS_ELEC,KG03,,,,,,PT,64.4
2019,A,0,C,A,N,EG_ACS_ELEC,KG03,,,,,,PT,66.6
2016,A,0,C,A,N,EG_ACS_ELEC,KG02,,,,,,PT,47.3
2017,A,0,C,A,N,EG_ACS_ELEC,KG02,,,,,,PT,57.5
2018,A,0,C,A,N,EG_ACS_ELEC,KG02,,,,,,PT,67.0
2019,A,0,C,A,N,EG_ACS_ELEC,KG02,,,,,,PT,66.5
2016,A,0,C,A,N,EG_ACS_ELEC,KG04,,,,,,PT,77.4
2017,A,0,C,A,N,EG_ACS_ELEC,KG04,,,,,,PT,79.3
2018,A,0,C,A,N,EG_ACS_ELEC,KG04,,,,,,PT,79.0
2019,A,0,C,A,N,EG_ACS_ELEC,KG04,,,,,,PT,67.0
2016,A,0,C,A,N,EG_ACS_ELEC,KG06,,,,,,PT,74.6
2017,A,0,C,A,N,EG_ACS_ELEC,KG06,,,,,,PT,79.0
2018,A,0,C,A,N,EG_ACS_ELEC,KG06,,,,,,PT,66.6
2019,A,0,C,A,N,EG_ACS_ELEC,KG06,,,,,,PT,68.3
2016,A,0,C,A,N,EG_ACS_ELEC,KG07,,,,,,PT,73.7
2017,A,0,C,A,N,EG_ACS_ELEC,KG07,,,,,,PT,74.1
2018,A,0,C,A,N,EG_ACS_ELEC,KG07,,,,,,PT,54.0
2019,A,0,C,A,N,EG_ACS_ELEC,KG07,,,,,,PT,52.5
2016,A,0,C,A,N,EG_ACS_ELEC,KG08,,,,,,PT,72.3
2017,A,0,C,A,N,EG_ACS_ELEC,KG08,,,,,,PT,82.9
2018,A,0,C,A,N,EG_ACS_ELEC,KG08,,,,,,PT,88.4
2019,A,0,C,A,N,EG_ACS_ELEC,KG08,,,,,,PT,84.9
2016,A,0,C,A,N,EG_ACS_ELEC,KG11,,,,,,PT,92.0
2017,A,0,C,A,N,EG_ACS_ELEC,KG11,,,,,,PT,95.1
2018,A,0,C,A,N,EG_ACS_ELEC,KG11,,,,,,PT,93.9
2019,A,0,C,A,N,EG_ACS_ELEC,KG11,,,,,,PT,98.2
2016,A,0,C,A,N,EG_ACS_ELEC,KG21,,,,,,PT,100.0
2017,A,0,C,A,N,EG_ACS_ELEC,KG21,,,,,,PT,99.4
2018,A,0,C,A,N,EG_ACS_ELEC,KG21,,,,,,PT,100.0
2019,A,0,C,A,N,EG_ACS_ELEC,KG21,,,,,,PT,99.8
2016,A,0,C,A,N,EG_ACS_ELEC,KG,,Y0T5,,,,PT,75.9
2017,A,0,C,A,N,EG_ACS_ELEC,KG,,Y0T5,,,,PT,77.9
2018,A,0,C,A,N,EG_ACS_ELEC,KG,,Y0T5,,,,PT,75.3
2019,A,0,C,A,N,EG_ACS_ELEC,KG,,Y0T5,,,,PT,75.1
2016,A,0,C,A,N,EG_ACS_ELEC,KG,,Y7T14,,,,PT,76.3
2017,A,0,C,A,N,EG_ACS_ELEC,KG,,Y7T14,,,,PT,78.4
2018,A,0,C,A,N,EG_ACS_ELEC,KG,,Y7T14,,,,PT,75.8
2019,A,0,C,A,N,EG_ACS_ELEC,KG,,Y7T14,,,,PT,75.1
2016,A,0,C,A,N,EG_ACS_ELEC,KG,,Y15T28,,,,PT,77.1
2017,A,0,C,A,N,EG_ACS_ELEC,KG,,Y15T28,,,,PT,81.3
2018,A,0,C,A,N,EG_ACS_ELEC,KG,,Y15T28,,,,PT,74.3
2019,A,0,C,A,N,EG_ACS_ELEC,KG,,Y15T28,,,,PT,75.9
2016,A,0,C,A,N,EG_ACS_ELEC,KG,,Y29T62,,,,PT,76.8
2017,A,0,C,A,N,EG_ACS_ELEC,KG,,Y29T62,,,,PT,79.6
2018,A,0,C,A,N,EG_ACS_ELEC,KG,,Y29T62,,,,PT,76.5
2019,A,0,C,A,N,EG_ACS_ELEC,KG,,Y29T62,,,,PT,77.4
2016,A,0,C,A,N,EG_ACS_ELEC,KG,,Y_GE58,,,,PT,76.8
2017,A,0,C,A,N,EG_ACS_ELEC,KG,,Y_GE58,,,,PT,80.9
2018,A,0,C,A,N,EG_ACS_ELEC,KG,,Y_GE58,,,,PT,75.8
2019,A,0,C,A,N,EG_ACS_ELEC,KG,,Y_GE58,,,,PT,74.9
2016,A,0,C,A,N,EG_ACS_ELEC,KG,,,,,ISCED11_1,PT,75.2
2017,A,0,C,A,N,EG_ACS_ELEC,KG,,,,,ISCED11_1,PT,78.3
2018,A,0,C,A,N,EG_ACS_ELEC,KG,,,,,ISCED11_1,PT,75.1
2019,A,0,C,A,N,EG_ACS_ELEC,KG,,,,,ISCED11_1,PT,75.1
2016,A,0,C,A,N,EG_ACS_ELEC,KG,,,,,ISCED11_2,PT,80.2
2017,A,0,C,A,N,EG_ACS_ELEC,KG,,,,,ISCED11_2,PT,79.0
2018,A,0,C,A,N,EG_ACS_ELEC,KG,,,,,ISCED11_2,PT,76.5
2019,A,0,C,A,N,EG_ACS_ELEC,KG,,,,,ISCED11_2,PT,77.3
2016,A,0,C,A,N,EG_ACS_ELEC,KG,,,,,ISCED11_3,PT,75.0
2017,A,0,C,A,N,EG_ACS_ELEC,KG,,,,,ISCED11_3,PT,78.4
2018,A,0,C,A,N,EG_ACS_ELEC,KG,,,,,ISCED11_3,PT,72.1
2019,A,0,C,A,N,EG_ACS_ELEC,KG,,,,,ISCED11_3,PT,74.1
2016,A,0,C,A,N,EG_ACS_ELEC,KG,,,,,ISCED11_4,PT,78.4
2017,A,0,C,A,N,EG_ACS_ELEC,KG,,,,,ISCED11_4,PT,83.9
2018,A,0,C,A,N,EG_ACS_ELEC,KG,,,,,ISCED11_4,PT,80.2
2019,A,0,C,A,N,EG_ACS_ELEC,KG,,,,,ISCED11_4,PT,79.0
2016,A,0,C,A,N,EG_ACS_ELEC,KG,,,,,ISCED11_6_7,PT,79.9
2017,A,0,C,A,N,EG_ACS_ELEC,KG,,,,,ISCED11_6_7,PT,83.9
2018,A,0,C,A,N,EG_ACS_ELEC,KG,,,,,ISCED11_6_7,PT,82.1
2019,A,0,C,A,N,EG_ACS_ELEC,KG,,,,,ISCED11_6_7,PT,81.4
2016,A,0,C,A,N,EG_ACS_ELEC,KG,,,,Q1,,PT,72.5
2017,A,0,C,A,N,EG_ACS_ELEC,KG,,,,Q1,,PT,79.3
2018,A,0,C,A,N,EG_ACS_ELEC,KG,,,,Q1,,PT,74.7
2019,A,0,C,A,N,EG_ACS_ELEC,KG,,,,Q1,,PT,71.6
2016,A,0,C,A,N,EG_ACS_ELEC,KG,,,,Q2,,PT,77.3
2017,A,0,C,A,N,EG_ACS_ELEC,KG,,,,Q2,,PT,81.9
2018,A,0,C,A,N,EG_ACS_ELEC,KG,,,,Q2,,PT,74.8
2019,A,0,C,A,N,EG_ACS_ELEC,KG,,,,Q2,,PT,73.0
2016,A,0,C,A,N,EG_ACS_ELEC,KG,,,,Q3,,PT,77.7
2017,A,0,C,A,N,EG_ACS_ELEC,KG,,,,Q3,,PT,79.4
2018,A,0,C,A,N,EG_ACS_ELEC,KG,,,,Q3,,PT,75.4
2019,A,0,C,A,N,EG_ACS_ELEC,KG,,,,Q3,,PT,79.8
2016,A,0,C,A,N,EG_ACS_ELEC,KG,,,,Q4,,PT,78.2
2017,A,0,C,A,N,EG_ACS_ELEC,KG,,,,Q4,,PT,78.7
2018,A,0,C,A,N,EG_ACS_ELEC,KG,,,,Q4,,PT,75.5
2019,A,0,C,A,N,EG_ACS_ELEC,KG,,,,Q4,,PT,78.6
2016,A,0,C,A,N,EG_ACS_ELEC,KG,,,,Q5,,PT,77.7
2017,A,0,C,A,N,EG_ACS_ELEC,KG,,,,Q5,,PT,78.6
2018,A,0,C,A,N,EG_ACS_ELEC,KG,,,,Q5,,PT,78.0
2019,A,0,C,A,N,EG_ACS_ELEC,KG,,,,Q5,,PT,77.2
