Year,OBS_STATUS,UNIT_MULT,NATURE,SOURCE_DETAIL,FREQ,REPORTING_TYPE,SERIES,REF_AREA,COMPOSITE_BREAKDOWN,UNIT_MEASURE,Value
2007,A,6,C,Buses,A,N,IS_RDP_PFVOL,KG,,NUMBER,470.7
2008,A,6,C,Buses,A,N,IS_RDP_PFVOL,KG,,NUMBER,504.3
2009,A,6,C,Buses,A,N,IS_RDP_PFVOL,KG,,NUMBER,545.7
2010,A,6,C,Buses,A,N,IS_RDP_PFVOL,KG,,NUMBER,532.9
2011,A,6,C,Buses,A,N,IS_RDP_PFVOL,KG,,NUMBER,566.6
2012,A,6,C,Buses,A,N,IS_RDP_PFVOL,KG,,NUMBER,603.1
2013,A,6,C,Buses,A,N,IS_RDP_PFVOL,KG,,NUMBER,619.0
2014,A,6,C,Buses,A,N,IS_RDP_PFVOL,KG,,NUMBER,638.6
2015,A,6,C,Buses,A,N,IS_RDP_PFVOL,KG,,NUMBER,653.1
2016,A,6,C,Buses,A,N,IS_RDP_PFVOL,KG,,NUMBER,682.2
2017,A,6,C,Buses,A,N,IS_RDP_PFVOL,KG,,NUMBER,709.9
2018,A,6,C,Buses,A,N,IS_RDP_PFVOL,KG,,NUMBER,731.6
2019,A,6,C,Buses,A,N,IS_RDP_PFVOL,KG,,NUMBER,756.6
2007,A,6,C,Buses,A,N,IS_RDP_PFVOL,KG,MOT_RAI,NUMBER,0.4
2008,A,6,C,Buses,A,N,IS_RDP_PFVOL,KG,MOT_RAI,NUMBER,0.6
2009,A,6,C,Buses,A,N,IS_RDP_PFVOL,KG,MOT_RAI,NUMBER,0.8
2010,A,6,C,Buses,A,N,IS_RDP_PFVOL,KG,MOT_RAI,NUMBER,0.7
2011,A,6,C,Buses,A,N,IS_RDP_PFVOL,KG,MOT_RAI,NUMBER,0.6
2012,A,6,C,Buses,A,N,IS_RDP_PFVOL,KG,MOT_RAI,NUMBER,0.5
2013,A,6,C,Buses,A,N,IS_RDP_PFVOL,KG,MOT_RAI,NUMBER,0.4
2014,A,6,C,Buses,A,N,IS_RDP_PFVOL,KG,MOT_RAI,NUMBER,0.3
2015,A,6,C,Buses,A,N,IS_RDP_PFVOL,KG,MOT_RAI,NUMBER,0.3
2016,A,6,C,Buses,A,N,IS_RDP_PFVOL,KG,MOT_RAI,NUMBER,0.3
2017,A,6,C,Buses,A,N,IS_RDP_PFVOL,KG,MOT_RAI,NUMBER,0.3
2018,A,6,C,Buses,A,N,IS_RDP_PFVOL,KG,MOT_RAI,NUMBER,0.3
2019,A,6,C,Buses,A,N,IS_RDP_PFVOL,KG,MOT_RAI,NUMBER,0.4
2007,A,6,C,Buses,A,N,IS_RDP_PFVOL,KG,MOT_BUS,NUMBER,436.2
2008,A,6,C,Buses,A,N,IS_RDP_PFVOL,KG,MOT_BUS,NUMBER,474.4
2009,A,6,C,Buses,A,N,IS_RDP_PFVOL,KG,MOT_BUS,NUMBER,510.5
2010,A,6,C,Buses,A,N,IS_RDP_PFVOL,KG,MOT_BUS,NUMBER,492.6
2011,A,6,C,Buses,A,N,IS_RDP_PFVOL,KG,MOT_BUS,NUMBER,524.2
2012,A,6,C,Buses,A,N,IS_RDP_PFVOL,KG,MOT_BUS,NUMBER,563.8
2013,A,6,C,Buses,A,N,IS_RDP_PFVOL,KG,MOT_BUS,NUMBER,579.5
2014,A,6,C,Buses,A,N,IS_RDP_PFVOL,KG,MOT_BUS,NUMBER,596.1
2015,A,6,C,Buses,A,N,IS_RDP_PFVOL,KG,MOT_BUS,NUMBER,604.1
2016,A,6,C,Buses,A,N,IS_RDP_PFVOL,KG,MOT_BUS,NUMBER,627.3
2017,A,6,C,Buses,A,N,IS_RDP_PFVOL,KG,MOT_BUS,NUMBER,649.7
2018,A,6,C,Buses,A,N,IS_RDP_PFVOL,KG,MOT_BUS,NUMBER,664.5
2019,A,6,C,Buses,A,N,IS_RDP_PFVOL,KG,MOT_BUS,NUMBER,682.4
2007,A,6,C,Buses,A,N,IS_RDP_PFVOL,KG,MOT_TRO,NUMBER,24.7
2008,A,6,C,Buses,A,N,IS_RDP_PFVOL,KG,MOT_TRO,NUMBER,17.4
2009,A,6,C,Buses,A,N,IS_RDP_PFVOL,KG,MOT_TRO,NUMBER,21.1
2010,A,6,C,Buses,A,N,IS_RDP_PFVOL,KG,MOT_TRO,NUMBER,24.6
2011,A,6,C,Buses,A,N,IS_RDP_PFVOL,KG,MOT_TRO,NUMBER,23.8
2012,A,6,C,Buses,A,N,IS_RDP_PFVOL,KG,MOT_TRO,NUMBER,19.5
2013,A,6,C,Buses,A,N,IS_RDP_PFVOL,KG,MOT_TRO,NUMBER,19.0
2014,A,6,C,Buses,A,N,IS_RDP_PFVOL,KG,MOT_TRO,NUMBER,20.1
2015,A,6,C,Buses,A,N,IS_RDP_PFVOL,KG,MOT_TRO,NUMBER,23.3
2016,A,6,C,Buses,A,N,IS_RDP_PFVOL,KG,MOT_TRO,NUMBER,25.9
2017,A,6,C,Buses,A,N,IS_RDP_PFVOL,KG,MOT_TRO,NUMBER,29.3
2018,A,6,C,Buses,A,N,IS_RDP_PFVOL,KG,MOT_TRO,NUMBER,33.1
2019,A,6,C,Buses,A,N,IS_RDP_PFVOL,KG,MOT_TRO,NUMBER,36.3
2007,A,6,C,Buses,A,N,IS_RDP_PFVOL,KG,MOT_TAX,NUMBER,9.1
2008,A,6,C,Buses,A,N,IS_RDP_PFVOL,KG,MOT_TAX,NUMBER,11.5
2009,A,6,C,Buses,A,N,IS_RDP_PFVOL,KG,MOT_TAX,NUMBER,12.9
2010,A,6,C,Buses,A,N,IS_RDP_PFVOL,KG,MOT_TAX,NUMBER,14.5
2011,A,6,C,Buses,A,N,IS_RDP_PFVOL,KG,MOT_TAX,NUMBER,17.3
2012,A,6,C,Buses,A,N,IS_RDP_PFVOL,KG,MOT_TAX,NUMBER,18.5
2013,A,6,C,Buses,A,N,IS_RDP_PFVOL,KG,MOT_TAX,NUMBER,19.1
2014,A,6,C,Buses,A,N,IS_RDP_PFVOL,KG,MOT_TAX,NUMBER,20.9
2015,A,6,C,Buses,A,N,IS_RDP_PFVOL,KG,MOT_TAX,NUMBER,24.2
2016,A,6,C,Buses,A,N,IS_RDP_PFVOL,KG,MOT_TAX,NUMBER,27.6
2017,A,6,C,Buses,A,N,IS_RDP_PFVOL,KG,MOT_TAX,NUMBER,29.1
2018,A,6,C,Buses,A,N,IS_RDP_PFVOL,KG,MOT_TAX,NUMBER,32.4
2019,A,6,C,Buses,A,N,IS_RDP_PFVOL,KG,MOT_TAX,NUMBER,36.4
2007,A,6,C,Buses,A,N,IS_RDP_PFVOL,KG,MOT_AIR,NUMBER,0.3
2008,A,6,C,Buses,A,N,IS_RDP_PFVOL,KG,MOT_AIR,NUMBER,0.4
2009,A,6,C,Buses,A,N,IS_RDP_PFVOL,KG,MOT_AIR,NUMBER,0.4
2010,A,6,C,Buses,A,N,IS_RDP_PFVOL,KG,MOT_AIR,NUMBER,0.5
2011,A,6,C,Buses,A,N,IS_RDP_PFVOL,KG,MOT_AIR,NUMBER,0.7
2012,A,6,C,Buses,A,N,IS_RDP_PFVOL,KG,MOT_AIR,NUMBER,0.8
2013,A,6,C,Buses,A,N,IS_RDP_PFVOL,KG,MOT_AIR,NUMBER,1.0
2014,A,6,C,Buses,A,N,IS_RDP_PFVOL,KG,MOT_AIR,NUMBER,1.2
2015,A,6,C,Buses,A,N,IS_RDP_PFVOL,KG,MOT_AIR,NUMBER,1.2
2016,A,6,C,Buses,A,N,IS_RDP_PFVOL,KG,MOT_AIR,NUMBER,1.1
2017,A,6,C,Buses,A,N,IS_RDP_PFVOL,KG,MOT_AIR,NUMBER,1.5
2018,A,6,C,Buses,A,N,IS_RDP_PFVOL,KG,MOT_AIR,NUMBER,1.4
2019,A,6,C,Buses,A,N,IS_RDP_PFVOL,KG,MOT_AIR,NUMBER,1.1
2007,A,6,C,Buses,A,N,IS_RDP_FRGVOL,KG,,T,30.0
2008,A,6,C,Buses,A,N,IS_RDP_FRGVOL,KG,,T,34.3
2009,A,6,C,Buses,A,N,IS_RDP_FRGVOL,KG,,T,36.3
2010,A,6,C,Buses,A,N,IS_RDP_FRGVOL,KG,,T,36.9
2011,A,6,C,Buses,A,N,IS_RDP_FRGVOL,KG,,T,37.7
2012,A,6,C,Buses,A,N,IS_RDP_FRGVOL,KG,,T,39.8
2013,A,6,C,Buses,A,N,IS_RDP_FRGVOL,KG,,T,41.0
2014,A,6,C,Buses,A,N,IS_RDP_FRGVOL,KG,,T,28.9
2015,A,6,C,Buses,A,N,IS_RDP_FRGVOL,KG,,T,29.7
2016,A,6,C,Buses,A,N,IS_RDP_FRGVOL,KG,,T,31.2
2017,A,6,C,Buses,A,N,IS_RDP_FRGVOL,KG,,T,31.9
2018,A,6,C,Buses,A,N,IS_RDP_FRGVOL,KG,,T,33.0
2019,A,6,C,Buses,A,N,IS_RDP_FRGVOL,KG,,T,34.2
2007,A,3,C,Buses,A,N,IS_RDP_FRGVOL,KG,MOT_RAI,T,2.3
2008,A,3,C,Buses,A,N,IS_RDP_FRGVOL,KG,MOT_RAI,T,1.8
2009,A,3,C,Buses,A,N,IS_RDP_FRGVOL,KG,MOT_RAI,T,1.0
2010,A,3,C,Buses,A,N,IS_RDP_FRGVOL,KG,MOT_RAI,T,1.0
2011,A,3,C,Buses,A,N,IS_RDP_FRGVOL,KG,MOT_RAI,T,1.0
2012,A,3,C,Buses,A,N,IS_RDP_FRGVOL,KG,MOT_RAI,T,1.1
2013,A,3,C,Buses,A,N,IS_RDP_FRGVOL,KG,MOT_RAI,T,1.4
2014,A,3,C,Buses,A,N,IS_RDP_FRGVOL,KG,MOT_RAI,T,1.5
2015,A,3,C,Buses,A,N,IS_RDP_FRGVOL,KG,MOT_RAI,T,1.3
2016,A,3,C,Buses,A,N,IS_RDP_FRGVOL,KG,MOT_RAI,T,1.7
2017,A,3,C,Buses,A,N,IS_RDP_FRGVOL,KG,MOT_RAI,T,1.9
2018,A,3,C,Buses,A,N,IS_RDP_FRGVOL,KG,MOT_RAI,T,2.3
2019,A,3,C,Buses,A,N,IS_RDP_FRGVOL,KG,MOT_RAI,T,2.2
2007,A,6,C,Buses,A,N,IS_RDP_FRGVOL,KG,MOT_ROA,T,27.1
2008,A,6,C,Buses,A,N,IS_RDP_FRGVOL,KG,MOT_ROA,T,31.9
2009,A,6,C,Buses,A,N,IS_RDP_FRGVOL,KG,MOT_ROA,T,35.0
2010,A,6,C,Buses,A,N,IS_RDP_FRGVOL,KG,MOT_ROA,T,35.6
2011,A,6,C,Buses,A,N,IS_RDP_FRGVOL,KG,MOT_ROA,T,36.4
2012,A,6,C,Buses,A,N,IS_RDP_FRGVOL,KG,MOT_ROA,T,38.4
2013,A,6,C,Buses,A,N,IS_RDP_FRGVOL,KG,MOT_ROA,T,39.4
2014,A,6,C,Buses,A,N,IS_RDP_FRGVOL,KG,MOT_ROA,T,27.2
2015,A,6,C,Buses,A,N,IS_RDP_FRGVOL,KG,MOT_ROA,T,28.2
2016,A,6,C,Buses,A,N,IS_RDP_FRGVOL,KG,MOT_ROA,T,29.3
2017,A,6,C,Buses,A,N,IS_RDP_FRGVOL,KG,MOT_ROA,T,29.8
2018,A,6,C,Buses,A,N,IS_RDP_FRGVOL,KG,MOT_ROA,T,30.5
2019,A,6,C,Buses,A,N,IS_RDP_FRGVOL,KG,MOT_ROA,T,31.7
2007,A,6,C,Buses,A,N,IS_RDP_FRGVOL,KG,MOT_PIP,T,0.6
2008,A,6,C,Buses,A,N,IS_RDP_FRGVOL,KG,MOT_PIP,T,0.6
2009,A,6,C,Buses,A,N,IS_RDP_FRGVOL,KG,MOT_PIP,T,0.3
2010,A,6,C,Buses,A,N,IS_RDP_FRGVOL,KG,MOT_PIP,T,0.3
2011,A,6,C,Buses,A,N,IS_RDP_FRGVOL,KG,MOT_PIP,T,0.3
2012,A,6,C,Buses,A,N,IS_RDP_FRGVOL,KG,MOT_PIP,T,0.3
2013,A,6,C,Buses,A,N,IS_RDP_FRGVOL,KG,MOT_PIP,T,0.2
2014,A,6,C,Buses,A,N,IS_RDP_FRGVOL,KG,MOT_PIP,T,0.2
2015,A,6,C,Buses,A,N,IS_RDP_FRGVOL,KG,MOT_PIP,T,0.2
2016,A,6,C,Buses,A,N,IS_RDP_FRGVOL,KG,MOT_PIP,T,0.2
2017,A,6,C,Buses,A,N,IS_RDP_FRGVOL,KG,MOT_PIP,T,0.2
2018,A,6,C,Buses,A,N,IS_RDP_FRGVOL,KG,MOT_PIP,T,0.3
2019,A,6,C,Buses,A,N,IS_RDP_FRGVOL,KG,MOT_PIP,T,0.3
2007,A,3,C,Buses,A,N,IS_RDP_FRGVOL,KG,MOT_WAT,T,26.5
2008,A,3,C,Buses,A,N,IS_RDP_FRGVOL,KG,MOT_WAT,T,42.6
2009,A,3,C,Buses,A,N,IS_RDP_FRGVOL,KG,MOT_WAT,T,23.4
2010,A,3,C,Buses,A,N,IS_RDP_FRGVOL,KG,MOT_WAT,T,16.0
2011,A,3,C,Buses,A,N,IS_RDP_FRGVOL,KG,MOT_WAT,T,10.8
2012,A,3,C,Buses,A,N,IS_RDP_FRGVOL,KG,MOT_WAT,T,11.6
2013,A,3,C,Buses,A,N,IS_RDP_FRGVOL,KG,MOT_WAT,T,10.8
2014,A,3,C,Buses,A,N,IS_RDP_FRGVOL,KG,MOT_WAT,T,15.0
2015,A,3,C,Buses,A,N,IS_RDP_FRGVOL,KG,MOT_WAT,T,12.2
2016,A,3,C,Buses,A,N,IS_RDP_FRGVOL,KG,MOT_WAT,T,2.6
2007,A,3,C,Buses,A,N,IS_RDP_FRGVOL,KG,MOT_AIR,T,0.6
2008,A,3,C,Buses,A,N,IS_RDP_FRGVOL,KG,MOT_AIR,T,0.9
2009,A,3,C,Buses,A,N,IS_RDP_FRGVOL,KG,MOT_AIR,T,0.9
2010,A,3,C,Buses,A,N,IS_RDP_FRGVOL,KG,MOT_AIR,T,1.0
2011,A,3,C,Buses,A,N,IS_RDP_FRGVOL,KG,MOT_AIR,T,1.3
2012,A,3,C,Buses,A,N,IS_RDP_FRGVOL,KG,MOT_AIR,T,0.7
2013,A,3,C,Buses,A,N,IS_RDP_FRGVOL,KG,MOT_AIR,T,0.5
2014,A,3,C,Buses,A,N,IS_RDP_FRGVOL,KG,MOT_AIR,T,0.2
2015,A,3,C,Buses,A,N,IS_RDP_FRGVOL,KG,MOT_AIR,T,0.2
2016,A,3,C,Buses,A,N,IS_RDP_FRGVOL,KG,MOT_AIR,T,0.1
2017,A,3,C,Buses,A,N,IS_RDP_FRGVOL,KG,MOT_AIR,T,0.3
2018,A,3,C,Buses,A,N,IS_RDP_FRGVOL,KG,MOT_AIR,T,1.0
2019,A,3,C,Buses,A,N,IS_RDP_FRGVOL,KG,MOT_AIR,T,0.0
